file,line,type,commit,author,date,time,timezone,datetime,depth,length
src\style.css,1,css,d15631e2,enrique,2024-03-07,15:08:09,-05:00,2024-03-07T15:08:09-05:00,0,5
src\style.css,2,css,d15631e2,enrique,2024-03-07,15:08:09,-05:00,2024-03-07T15:08:09-05:00,1,34
src\style.css,3,css,d15631e2,enrique,2024-03-07,15:08:09,-05:00,2024-03-07T15:08:09-05:00,1,32
src\style.css,4,css,d15631e2,enrique,2024-03-07,15:08:09,-05:00,2024-03-07T15:08:09-05:00,0,0
src\style.css,5,css,d15631e2,enrique,2024-03-07,15:08:09,-05:00,2024-03-07T15:08:09-05:00,0,0
src\style.css,6,css,d15631e2,enrique,2024-03-07,15:08:09,-05:00,2024-03-07T15:08:09-05:00,0,4
src\style.css,7,css,d15631e2,enrique,2024-03-07,15:08:09,-05:00,2024-03-07T15:08:09-05:00,1,17
src\style.css,8,css,d15631e2,enrique,2024-03-07,15:08:09,-05:00,2024-03-07T15:08:09-05:00,0,0
src\style.css,9,css,d15631e2,enrique,2024-03-07,15:08:09,-05:00,2024-03-07T15:08:09-05:00,0,0
src\style.css,10,css,d15631e2,enrique,2024-03-07,15:08:09,-05:00,2024-03-07T15:08:09-05:00,0,4
src\style.css,11,css,d15631e2,enrique,2024-03-07,15:08:09,-05:00,2024-03-07T15:08:09-05:00,1,43
src\style.css,12,css,d15631e2,enrique,2024-03-07,15:08:09,-05:00,2024-03-07T15:08:09-05:00,2,42
src\style.css,13,css,d15631e2,enrique,2024-03-07,15:08:09,-05:00,2024-03-07T15:08:09-05:00,1,0
src\style.css,14,css,d15631e2,enrique,2024-03-07,15:08:09,-05:00,2024-03-07T15:08:09-05:00,1,23
src\style.css,15,css,d15631e2,enrique,2024-03-07,15:08:09,-05:00,2024-03-07T15:08:09-05:00,1,15
src\style.css,16,css,d15631e2,enrique,2024-03-07,15:08:09,-05:00,2024-03-07T15:08:09-05:00,1,11
src\style.css,17,css,d15631e2,enrique,2024-03-07,15:08:09,-05:00,2024-03-07T15:08:09-05:00,1,12
src\style.css,18,css,d15631e2,enrique,2024-03-07,15:08:09,-05:00,2024-03-07T15:08:09-05:00,0,0
src\style.css,19,css,d15631e2,enrique,2024-03-07,15:08:09,-05:00,2024-03-07T15:08:09-05:00,0,0
src\style.css,20,css,d15631e2,enrique,2024-03-07,15:08:09,-05:00,2024-03-07T15:08:09-05:00,0,3
src\style.css,21,css,d15631e2,enrique,2024-03-07,15:08:09,-05:00,2024-03-07T15:08:09-05:00,1,14
src\style.css,22,css,d15631e2,enrique,2024-03-07,15:08:09,-05:00,2024-03-07T15:08:09-05:00,0,0
src\style.css,23,css,d15631e2,enrique,2024-03-07,15:08:09,-05:00,2024-03-07T15:08:09-05:00,0,0
src\style.css,24,css,d15631e2,enrique,2024-03-07,15:08:09,-05:00,2024-03-07T15:08:09-05:00,0,9
src\style.css,25,css,d15631e2,enrique,2024-03-07,15:08:09,-05:00,2024-03-07T15:08:09-05:00,1,12
src\style.css,26,css,d15631e2,enrique,2024-03-07,15:08:09,-05:00,2024-03-07T15:08:09-05:00,1,58
src\style.css,27,css,d15631e2,enrique,2024-03-07,15:08:09,-05:00,2024-03-07T15:08:09-05:00,1,7
src\style.css,28,css,d15631e2,enrique,2024-03-07,15:08:09,-05:00,2024-03-07T15:08:09-05:00,0,0
src\style.css,29,css,d15631e2,enrique,2024-03-07,15:08:09,-05:00,2024-03-07T15:08:09-05:00,0,0
src\style.css,30,css,d15631e2,enrique,2024-03-07,15:08:09,-05:00,2024-03-07T15:08:09-05:00,0,2
src\style.css,31,css,d15631e2,enrique,2024-03-07,15:08:09,-05:00,2024-03-07T15:08:09-05:00,1,14
src\style.css,32,css,d15631e2,enrique,2024-03-07,15:08:09,-05:00,2024-03-07T15:08:09-05:00,0,0
src\style.css,33,css,d15631e2,enrique,2024-03-07,15:08:09,-05:00,2024-03-07T15:08:09-05:00,0,0
src\style.css,34,css,d15631e2,enrique,2024-03-07,15:08:09,-05:00,2024-03-07T15:08:09-05:00,0,1
src\style.css,35,css,d15631e2,enrique,2024-03-07,15:08:09,-05:00,2024-03-07T15:08:09-05:00,0,1
src\style.css,36,css,d15631e2,enrique,2024-03-07,15:08:09,-05:00,2024-03-07T15:08:09-05:00,0,1
src\style.css,37,css,d15631e2,enrique,2024-03-07,15:08:09,-05:00,2024-03-07T15:08:09-05:00,0,1
src\style.css,38,css,d15631e2,enrique,2024-03-07,15:08:09,-05:00,2024-03-07T15:08:09-05:00,0,1
src\style.css,39,css,d15631e2,enrique,2024-03-07,15:08:09,-05:00,2024-03-07T15:08:09-05:00,0,2
src\style.css,40,css,d15631e2,enrique,2024-03-07,15:08:09,-05:00,2024-03-07T15:08:09-05:00,1,15
src\style.css,41,css,d15631e2,enrique,2024-03-07,15:08:09,-05:00,2024-03-07T15:08:09-05:00,1,17
src\style.css,42,css,d15631e2,enrique,2024-03-07,15:08:09,-05:00,2024-03-07T15:08:09-05:00,0,0
src\app.html,1,html,ad9f83f,enrique,2024-02-26,16:35:17,-05:00,2024-02-26T16:35:17-05:00,0,13
src\app.html,2,html,ad9f83f,enrique,2024-02-26,16:35:17,-05:00,2024-02-26T16:35:17-05:00,0,14
src\app.html,3,html,ad9f83f,enrique,2024-02-26,16:35:17,-05:00,2024-02-26T16:35:17-05:00,0,4
src\app.html,4,html,ad9f83f,enrique,2024-02-26,16:35:17,-05:00,2024-02-26T16:35:17-05:00,0,22
src\app.html,5,html,ad9f83f,enrique,2024-02-26,16:35:17,-05:00,2024-02-26T16:35:17-05:00,0,55
src\app.html,6,html,ad9f83f,enrique,2024-02-26,16:35:17,-05:00,2024-02-26T16:35:17-05:00,0,68
src\app.html,7,html,87fedebc,enrique,2024-03-05,20:31:43,-05:00,2024-03-05T20:31:43-05:00,0,14
src\app.html,8,html,b327e2fa,enrique,2024-03-05,00:50:13,-05:00,2024-03-05T00:50:13-05:00,2,64
src\app.html,9,html,ad9f83f,enrique,2024-02-26,16:35:17,-05:00,2024-02-26T16:35:17-05:00,0,5
src\app.html,10,html,ad9f83f,enrique,2024-02-26,16:35:17,-05:00,2024-02-26T16:35:17-05:00,0,40
src\app.html,11,html,ad9f83f,enrique,2024-02-26,16:35:17,-05:00,2024-02-26T16:35:17-05:00,0,51
src\app.html,12,html,ad9f83f,enrique,2024-02-26,16:35:17,-05:00,2024-02-26T16:35:17-05:00,0,5
src\app.html,13,html,ad9f83f,enrique,2024-02-26,16:35:17,-05:00,2024-02-26T16:35:17-05:00,0,5
src\routes\+page.svelte,1,svelte,ce78bfa4,enrique,2024-02-26,22:00:00,-05:00,2024-02-26T22:00:00-05:00,0,6
src\routes\+page.svelte,2,js,ce78bfa4,enrique,2024-02-26,22:00:00,-05:00,2024-02-26T22:00:00-05:00,1,51
src\routes\+page.svelte,3,js,ce78bfa4,enrique,2024-02-26,22:00:00,-05:00,2024-02-26T22:00:00-05:00,1,47
src\routes\+page.svelte,4,js,d15631e2,enrique,2024-03-07,15:08:09,-05:00,2024-03-07T15:08:09-05:00,1,49
src\routes\+page.svelte,5,js,d15631e2,enrique,2024-03-07,15:08:09,-05:00,2024-03-07T15:08:09-05:00,1,31
src\routes\+page.svelte,6,js,d15631e2,enrique,2024-03-07,15:08:09,-05:00,2024-03-07T15:08:09-05:00,0,0
src\routes\+page.svelte,7,js,d15631e2,enrique,2024-03-07,15:08:09,-05:00,2024-03-07T15:08:09-05:00,1,14
src\routes\+page.svelte,8,svelte,ce78bfa4,enrique,2024-02-26,22:00:00,-05:00,2024-02-26T22:00:00-05:00,0,7
src\routes\+page.svelte,9,svelte,ce78bfa4,enrique,2024-02-26,22:00:00,-05:00,2024-02-26T22:00:00-05:00,0,0
src\routes\+page.svelte,10,svelte,ce78bfa4,enrique,2024-02-26,22:00:00,-05:00,2024-02-26T22:00:00-05:00,0,23
src\routes\+page.svelte,11,svelte,ce78bfa4,enrique,2024-02-26,22:00:00,-05:00,2024-02-26T22:00:00-05:00,0,43
src\routes\+page.svelte,12,svelte,ce78bfa4,enrique,2024-02-26,22:00:00,-05:00,2024-02-26T22:00:00-05:00,0,44
src\routes\+page.svelte,13,svelte,ce78bfa4,enrique,2024-02-26,22:00:00,-05:00,2024-02-26T22:00:00-05:00,0,0
src\routes\+page.svelte,14,svelte,f770ed1a,enrique,2024-03-10,16:42:43,-04:00,2024-03-10T16:42:43-04:00,0,19
src\routes\+page.svelte,15,svelte,d15631e2,enrique,2024-03-07,15:08:09,-05:00,2024-03-07T15:08:09-05:00,0,4
src\routes\+page.svelte,16,svelte,d15631e2,enrique,2024-03-07,15:08:09,-05:00,2024-03-07T15:08:09-05:00,1,6
src\routes\+page.svelte,17,svelte,d15631e2,enrique,2024-03-07,15:08:09,-05:00,2024-03-07T15:08:09-05:00,2,54
src\routes\+page.svelte,18,svelte,d15631e2,enrique,2024-03-07,15:08:09,-05:00,2024-03-07T15:08:09-05:00,2,54
src\routes\+page.svelte,19,svelte,d15631e2,enrique,2024-03-07,15:08:09,-05:00,2024-03-07T15:08:09-05:00,2,60
src\routes\+page.svelte,20,svelte,f770ed1a,enrique,2024-03-10,16:42:43,-04:00,2024-03-10T16:42:43-04:00,2,42
src\routes\+page.svelte,21,svelte,d15631e2,enrique,2024-03-07,15:08:09,-05:00,2024-03-07T15:08:09-05:00,1,0
src\routes\+page.svelte,22,svelte,d15631e2,enrique,2024-03-07,15:08:09,-05:00,2024-03-07T15:08:09-05:00,0,0
src\routes\+page.svelte,23,svelte,d15631e2,enrique,2024-03-07,15:08:09,-05:00,2024-03-07T15:08:09-05:00,0,0
src\routes\+page.svelte,24,svelte,ce78bfa4,enrique,2024-02-26,22:00:00,-05:00,2024-02-26T22:00:00-05:00,0,24
src\routes\+page.svelte,25,svelte,ce78bfa4,enrique,2024-02-26,22:00:00,-05:00,2024-02-26T22:00:00-05:00,0,20
src\routes\+page.svelte,26,svelte,ce78bfa4,enrique,2024-02-26,22:00:00,-05:00,2024-02-26T22:00:00-05:00,1,61
src\routes\+page.svelte,27,svelte,d15631e2,enrique,2024-03-07,15:08:09,-05:00,2024-03-07T15:08:09-05:00,2,34
src\routes\+page.svelte,28,svelte,ce78bfa4,enrique,2024-02-26,22:00:00,-05:00,2024-02-26T22:00:00-05:00,1,5
src\routes\+page.svelte,29,svelte,ce78bfa4,enrique,2024-02-26,22:00:00,-05:00,2024-02-26T22:00:00-05:00,0,4
src\routes\+page.js,1,js,d15631e2,enrique,2024-03-07,15:08:09,-05:00,2024-03-07T15:08:09-05:00,0,69
src\routes\+page.js,2,js,d15631e2,enrique,2024-03-07,15:08:09,-05:00,2024-03-07T15:08:09-05:00,1,4
src\routes\+page.js,3,js,d15631e2,enrique,2024-03-07,15:08:09,-05:00,2024-03-07T15:08:09-05:00,1,5
src\routes\+page.js,4,js,d15631e2,enrique,2024-03-07,15:08:09,-05:00,2024-03-07T15:08:09-05:00,0,2
src\routes\+page.js,5,js,d15631e2,enrique,2024-03-07,15:08:09,-05:00,2024-03-07T15:08:09-05:00,1,70
src\routes\+page.js,6,js,d15631e2,enrique,2024-03-07,15:08:09,-05:00,2024-03-07T15:08:09-05:00,1,34
src\routes\+page.js,7,js,d15631e2,enrique,2024-03-07,15:08:09,-05:00,2024-03-07T15:08:09-05:00,0,0
src\routes\+page.js,8,js,d15631e2,enrique,2024-03-07,15:08:09,-05:00,2024-03-07T15:08:09-05:00,1,13
src\routes\+page.js,9,js,d15631e2,enrique,2024-03-07,15:08:09,-05:00,2024-03-07T15:08:09-05:00,0,35
src\routes\+page.js,10,js,d15631e2,enrique,2024-03-07,15:08:09,-05:00,2024-03-07T15:08:09-05:00,0,56
src\routes\+page.js,11,js,d15631e2,enrique,2024-03-07,15:08:09,-05:00,2024-03-07T15:08:09-05:00,0,4
src\routes\+page.js,12,js,d15631e2,enrique,2024-03-07,15:08:09,-05:00,2024-03-07T15:08:09-05:00,1,34
src\routes\+page.js,13,js,d15631e2,enrique,2024-03-07,15:08:09,-05:00,2024-03-07T15:08:09-05:00,0,0
src\routes\+layout.svelte,1,svelte,d15631e2,enrique,2024-03-07,15:08:09,-05:00,2024-03-07T15:08:09-05:00,0,6
src\routes\+layout.svelte,2,js,d15631e2,enrique,2024-03-07,15:08:09,-05:00,2024-03-07T15:08:09-05:00,1,20
src\routes\+layout.svelte,3,js,d15631e2,enrique,2024-03-07,15:08:09,-05:00,2024-03-07T15:08:09-05:00,1,51
src\routes\+layout.svelte,4,js,d15631e2,enrique,2024-03-07,15:08:09,-05:00,2024-03-07T15:08:09-05:00,0,0
src\routes\+layout.svelte,5,js,f770ed1a,enrique,2024-03-10,16:42:43,-04:00,2024-03-10T16:42:43-04:00,1,46
src\routes\+layout.svelte,6,js,f770ed1a,enrique,2024-03-10,16:42:43,-04:00,2024-03-10T16:42:43-04:00,1,57
src\routes\+layout.svelte,7,js,f770ed1a,enrique,2024-03-10,16:42:43,-04:00,2024-03-10T16:42:43-04:00,1,56
src\routes\+layout.svelte,8,js,f770ed1a,enrique,2024-03-10,16:42:43,-04:00,2024-03-10T16:42:43-04:00,2,13
src\routes\+layout.svelte,9,js,f770ed1a,enrique,2024-03-10,16:42:43,-04:00,2024-03-10T16:42:43-04:00,2,10
src\routes\+layout.svelte,10,js,f770ed1a,enrique,2024-03-10,16:42:43,-04:00,2024-03-10T16:42:43-04:00,1,0
src\routes\+layout.svelte,11,js,f770ed1a,enrique,2024-03-10,16:42:43,-04:00,2024-03-10T16:42:43-04:00,0,0
src\routes\+layout.svelte,12,js,f770ed1a,enrique,2024-03-10,16:42:43,-04:00,2024-03-10T16:42:43-04:00,1,40
src\routes\+layout.svelte,13,svelte,d15631e2,enrique,2024-03-07,15:08:09,-05:00,2024-03-07T15:08:09-05:00,0,7
src\routes\+layout.svelte,14,svelte,d15631e2,enrique,2024-03-07,15:08:09,-05:00,2024-03-07T15:08:09-05:00,0,0
src\routes\+layout.svelte,15,svelte,d15631e2,enrique,2024-03-07,15:08:09,-05:00,2024-03-07T15:08:09-05:00,0,26
src\routes\+layout.svelte,16,svelte,d15631e2,enrique,2024-03-07,15:08:09,-05:00,2024-03-07T15:08:09-05:00,1,4
src\routes\+layout.svelte,17,svelte,f770ed1a,enrique,2024-03-10,16:42:43,-04:00,2024-03-10T16:42:43-04:00,1,31
src\routes\+layout.svelte,18,svelte,d15631e2,enrique,2024-03-07,15:08:09,-05:00,2024-03-07T15:08:09-05:00,2,43
src\routes\+layout.svelte,19,svelte,d15631e2,enrique,2024-03-07,15:08:09,-05:00,2024-03-07T15:08:09-05:00,2,32
src\routes\+layout.svelte,20,svelte,d15631e2,enrique,2024-03-07,15:08:09,-05:00,2024-03-07T15:08:09-05:00,2,34
src\routes\+layout.svelte,21,svelte,d15631e2,enrique,2024-03-07,15:08:09,-05:00,2024-03-07T15:08:09-05:00,1,7
src\routes\+layout.svelte,22,svelte,d15631e2,enrique,2024-03-07,15:08:09,-05:00,2024-03-07T15:08:09-05:00,0,6
src\routes\+layout.svelte,23,svelte,d15631e2,enrique,2024-03-07,15:08:09,-05:00,2024-03-07T15:08:09-05:00,0,0
src\routes\+layout.svelte,24,svelte,d15631e2,enrique,2024-03-07,15:08:09,-05:00,2024-03-07T15:08:09-05:00,0,8
src\routes\+layout.svelte,25,svelte,d15631e2,enrique,2024-03-07,15:08:09,-05:00,2024-03-07T15:08:09-05:00,0,6
src\routes\+layout.svelte,26,svelte,d15631e2,enrique,2024-03-07,15:08:09,-05:00,2024-03-07T15:08:09-05:00,0,0
src\routes\+layout.svelte,27,svelte,d15631e2,enrique,2024-03-07,15:08:09,-05:00,2024-03-07T15:08:09-05:00,0,5
src\routes\+layout.svelte,28,css,d15631e2,enrique,2024-03-07,15:08:09,-05:00,2024-03-07T15:08:09-05:00,1,13
src\routes\+layout.svelte,29,css,d15631e2,enrique,2024-03-07,15:08:09,-05:00,2024-03-07T15:08:09-05:00,2,17
src\routes\+layout.svelte,30,css,d15631e2,enrique,2024-03-07,15:08:09,-05:00,2024-03-07T15:08:09-05:00,2,8
src\routes\+layout.svelte,31,css,d15631e2,enrique,2024-03-07,15:08:09,-05:00,2024-03-07T15:08:09-05:00,2,10
src\routes\+layout.svelte,32,css,d15631e2,enrique,2024-03-07,15:08:09,-05:00,2024-03-07T15:08:09-05:00,0,0
src\routes\+layout.svelte,33,css,d15631e2,enrique,2024-03-07,15:08:09,-05:00,2024-03-07T15:08:09-05:00,2,13
src\routes\+layout.svelte,34,css,d15631e2,enrique,2024-03-07,15:08:09,-05:00,2024-03-07T15:08:09-05:00,1,0
src\routes\+layout.svelte,35,svelte,d15631e2,enrique,2024-03-07,15:08:09,-05:00,2024-03-07T15:08:09-05:00,0,6
src\routes\resume\+page.svelte,1,svelte,ce78bfa4,enrique,2024-02-26,22:00:00,-05:00,2024-02-26T22:00:00-05:00,0,13
src\routes\resume\+page.svelte,2,svelte,ce78bfa4,enrique,2024-02-26,22:00:00,-05:00,2024-02-26T22:00:00-05:00,0,18
src\routes\resume\+page.svelte,3,svelte,ce78bfa4,enrique,2024-02-26,22:00:00,-05:00,2024-02-26T22:00:00-05:00,1,6
src\routes\resume\+page.svelte,4,svelte,ce78bfa4,enrique,2024-02-26,22:00:00,-05:00,2024-02-26T22:00:00-05:00,2,17
src\routes\resume\+page.svelte,5,svelte,ce78bfa4,enrique,2024-02-26,22:00:00,-05:00,2024-02-26T22:00:00-05:00,2,23
src\routes\resume\+page.svelte,6,svelte,ce78bfa4,enrique,2024-02-26,22:00:00,-05:00,2024-02-26T22:00:00-05:00,2,24
src\routes\resume\+page.svelte,7,svelte,ce78bfa4,enrique,2024-02-26,22:00:00,-05:00,2024-02-26T22:00:00-05:00,1,7
src\routes\resume\+page.svelte,8,svelte,ce78bfa4,enrique,2024-02-26,22:00:00,-05:00,2024-02-26T22:00:00-05:00,1,4
src\routes\resume\+page.svelte,9,svelte,ce78bfa4,enrique,2024-02-26,22:00:00,-05:00,2024-02-26T22:00:00-05:00,1,19
src\routes\resume\+page.svelte,10,svelte,ce78bfa4,enrique,2024-02-26,22:00:00,-05:00,2024-02-26T22:00:00-05:00,2,7
src\routes\resume\+page.svelte,11,svelte,ce78bfa4,enrique,2024-02-26,22:00:00,-05:00,2024-02-26T22:00:00-05:00,3,16
src\routes\resume\+page.svelte,12,svelte,ce78bfa4,enrique,2024-02-26,22:00:00,-05:00,2024-02-26T22:00:00-05:00,3,4
src\routes\resume\+page.svelte,13,svelte,ce78bfa4,enrique,2024-02-26,22:00:00,-05:00,2024-02-26T22:00:00-05:00,4,18
src\routes\resume\+page.svelte,14,svelte,ce78bfa4,enrique,2024-02-26,22:00:00,-05:00,2024-02-26T22:00:00-05:00,4,17
src\routes\resume\+page.svelte,15,svelte,ce78bfa4,enrique,2024-02-26,22:00:00,-05:00,2024-02-26T22:00:00-05:00,3,5
src\routes\resume\+page.svelte,16,svelte,ce78bfa4,enrique,2024-02-26,22:00:00,-05:00,2024-02-26T22:00:00-05:00,3,1
src\routes\resume\+page.svelte,17,svelte,ce78bfa4,enrique,2024-02-26,22:00:00,-05:00,2024-02-26T22:00:00-05:00,4,64
src\routes\resume\+page.svelte,18,svelte,ce78bfa4,enrique,2024-02-26,22:00:00,-05:00,2024-02-26T22:00:00-05:00,4,65
src\routes\resume\+page.svelte,19,svelte,ce78bfa4,enrique,2024-02-26,22:00:00,-05:00,2024-02-26T22:00:00-05:00,4,66
src\routes\resume\+page.svelte,20,svelte,ce78bfa4,enrique,2024-02-26,22:00:00,-05:00,2024-02-26T22:00:00-05:00,4,37
src\routes\resume\+page.svelte,21,svelte,ce78bfa4,enrique,2024-02-26,22:00:00,-05:00,2024-02-26T22:00:00-05:00,3,2
src\routes\resume\+page.svelte,22,svelte,ce78bfa4,enrique,2024-02-26,22:00:00,-05:00,2024-02-26T22:00:00-05:00,2,8
src\routes\resume\+page.svelte,23,svelte,ce78bfa4,enrique,2024-02-26,22:00:00,-05:00,2024-02-26T22:00:00-05:00,2,7
src\routes\resume\+page.svelte,24,svelte,ce78bfa4,enrique,2024-02-26,22:00:00,-05:00,2024-02-26T22:00:00-05:00,3,22
src\routes\resume\+page.svelte,25,svelte,ce78bfa4,enrique,2024-02-26,22:00:00,-05:00,2024-02-26T22:00:00-05:00,3,4
src\routes\resume\+page.svelte,26,svelte,ce78bfa4,enrique,2024-02-26,22:00:00,-05:00,2024-02-26T22:00:00-05:00,4,16
src\routes\resume\+page.svelte,27,svelte,ce78bfa4,enrique,2024-02-26,22:00:00,-05:00,2024-02-26T22:00:00-05:00,4,17
src\routes\resume\+page.svelte,28,svelte,ce78bfa4,enrique,2024-02-26,22:00:00,-05:00,2024-02-26T22:00:00-05:00,3,5
src\routes\resume\+page.svelte,29,svelte,ce78bfa4,enrique,2024-02-26,22:00:00,-05:00,2024-02-26T22:00:00-05:00,3,1
src\routes\resume\+page.svelte,30,svelte,ce78bfa4,enrique,2024-02-26,22:00:00,-05:00,2024-02-26T22:00:00-05:00,4,64
src\routes\resume\+page.svelte,31,svelte,ce78bfa4,enrique,2024-02-26,22:00:00,-05:00,2024-02-26T22:00:00-05:00,4,65
src\routes\resume\+page.svelte,32,svelte,ce78bfa4,enrique,2024-02-26,22:00:00,-05:00,2024-02-26T22:00:00-05:00,4,66
src\routes\resume\+page.svelte,33,svelte,ce78bfa4,enrique,2024-02-26,22:00:00,-05:00,2024-02-26T22:00:00-05:00,4,37
src\routes\resume\+page.svelte,34,svelte,ce78bfa4,enrique,2024-02-26,22:00:00,-05:00,2024-02-26T22:00:00-05:00,3,2
src\routes\resume\+page.svelte,35,svelte,ce78bfa4,enrique,2024-02-26,22:00:00,-05:00,2024-02-26T22:00:00-05:00,2,8
src\routes\resume\+page.svelte,36,svelte,ce78bfa4,enrique,2024-02-26,22:00:00,-05:00,2024-02-26T22:00:00-05:00,1,4
src\routes\resume\+page.svelte,37,svelte,ce78bfa4,enrique,2024-02-26,22:00:00,-05:00,2024-02-26T22:00:00-05:00,0,4
src\routes\resume\+page.svelte,38,svelte,d15631e2,enrique,2024-03-07,15:08:09,-05:00,2024-03-07T15:08:09-05:00,0,0
src\routes\resume\+page.svelte,39,svelte,d15631e2,enrique,2024-03-07,15:08:09,-05:00,2024-03-07T15:08:09-05:00,0,5
src\routes\resume\+page.svelte,40,css,d15631e2,enrique,2024-03-07,15:08:09,-05:00,2024-03-07T15:08:09-05:00,1,7
src\routes\resume\+page.svelte,41,css,d15631e2,enrique,2024-03-07,15:08:09,-05:00,2024-03-07T15:08:09-05:00,2,6
src\routes\resume\+page.svelte,42,css,d15631e2,enrique,2024-03-07,15:08:09,-05:00,2024-03-07T15:08:09-05:00,3,12
src\routes\resume\+page.svelte,43,css,d15631e2,enrique,2024-03-07,15:08:09,-05:00,2024-03-07T15:08:09-05:00,3,29
src\routes\resume\+page.svelte,44,css,d15631e2,enrique,2024-03-07,15:08:09,-05:00,2024-03-07T15:08:09-05:00,2,0
src\routes\resume\+page.svelte,45,css,d15631e2,enrique,2024-03-07,15:08:09,-05:00,2024-03-07T15:08:09-05:00,0,0
src\routes\resume\+page.svelte,46,css,d15631e2,enrique,2024-03-07,15:08:09,-05:00,2024-03-07T15:08:09-05:00,2,8
src\routes\resume\+page.svelte,47,css,d15631e2,enrique,2024-03-07,15:08:09,-05:00,2024-03-07T15:08:09-05:00,3,12
src\routes\resume\+page.svelte,48,css,d15631e2,enrique,2024-03-07,15:08:09,-05:00,2024-03-07T15:08:09-05:00,3,21
src\routes\resume\+page.svelte,49,css,d15631e2,enrique,2024-03-07,15:08:09,-05:00,2024-03-07T15:08:09-05:00,3,8
src\routes\resume\+page.svelte,50,css,d15631e2,enrique,2024-03-07,15:08:09,-05:00,2024-03-07T15:08:09-05:00,0,0
src\routes\resume\+page.svelte,51,css,d15631e2,enrique,2024-03-07,15:08:09,-05:00,2024-03-07T15:08:09-05:00,3,4
src\routes\resume\+page.svelte,52,css,d15631e2,enrique,2024-03-07,15:08:09,-05:00,2024-03-07T15:08:09-05:00,4,12
src\routes\resume\+page.svelte,53,css,d15631e2,enrique,2024-03-07,15:08:09,-05:00,2024-03-07T15:08:09-05:00,4,18
src\routes\resume\+page.svelte,54,css,d15631e2,enrique,2024-03-07,15:08:09,-05:00,2024-03-07T15:08:09-05:00,4,29
src\routes\resume\+page.svelte,55,css,d15631e2,enrique,2024-03-07,15:08:09,-05:00,2024-03-07T15:08:09-05:00,4,20
src\routes\resume\+page.svelte,56,css,d15631e2,enrique,2024-03-07,15:08:09,-05:00,2024-03-07T15:08:09-05:00,3,0
src\routes\resume\+page.svelte,57,css,d15631e2,enrique,2024-03-07,15:08:09,-05:00,2024-03-07T15:08:09-05:00,0,0
src\routes\resume\+page.svelte,58,css,d15631e2,enrique,2024-03-07,15:08:09,-05:00,2024-03-07T15:08:09-05:00,3,0
src\routes\resume\+page.svelte,59,css,d15631e2,enrique,2024-03-07,15:08:09,-05:00,2024-03-07T15:08:09-05:00,3,1
src\routes\resume\+page.svelte,60,css,d15631e2,enrique,2024-03-07,15:08:09,-05:00,2024-03-07T15:08:09-05:00,3,2
src\routes\resume\+page.svelte,61,css,d15631e2,enrique,2024-03-07,15:08:09,-05:00,2024-03-07T15:08:09-05:00,4,8
src\routes\resume\+page.svelte,62,css,d15631e2,enrique,2024-03-07,15:08:09,-05:00,2024-03-07T15:08:09-05:00,3,0
src\routes\resume\+page.svelte,63,css,d15631e2,enrique,2024-03-07,15:08:09,-05:00,2024-03-07T15:08:09-05:00,2,0
src\routes\resume\+page.svelte,64,css,d15631e2,enrique,2024-03-07,15:08:09,-05:00,2024-03-07T15:08:09-05:00,1,0
src\routes\resume\+page.svelte,65,svelte,d15631e2,enrique,2024-03-07,15:08:09,-05:00,2024-03-07T15:08:09-05:00,0,6
src\routes\projects\+page.svelte,1,svelte,ce78bfa4,enrique,2024-02-26,22:00:00,-05:00,2024-02-26T22:00:00-05:00,0,6
src\routes\projects\+page.svelte,2,js,ce78bfa4,enrique,2024-02-26,22:00:00,-05:00,2024-02-26T22:00:00-05:00,1,47
src\routes\projects\+page.svelte,3,js,ce78bfa4,enrique,2024-02-26,22:00:00,-05:00,2024-02-26T22:00:00-05:00,1,51
src\routes\projects\+page.svelte,4,js,e047f44e,enrique,2024-03-13,14:02:07,-04:00,2024-03-13T14:02:07-04:00,1,43
src\routes\projects\+page.svelte,5,js,e047f44e,enrique,2024-03-13,14:02:07,-04:00,2024-03-13T14:02:07-04:00,1,23
src\routes\projects\+page.svelte,6,js,e047f44e,enrique,2024-03-13,14:02:07,-04:00,2024-03-13T14:02:07-04:00,0,0
src\routes\projects\+page.svelte,7,js,e047f44e,enrique,2024-03-13,14:02:07,-04:00,2024-03-13T14:02:07-04:00,1,13
src\routes\projects\+page.svelte,8,js,e047f44e,enrique,2024-03-13,14:02:07,-04:00,2024-03-13T14:02:07-04:00,1,19
src\routes\projects\+page.svelte,9,js,e047f44e,enrique,2024-03-13,14:02:07,-04:00,2024-03-13T14:02:07-04:00,1,50
src\routes\projects\+page.svelte,10,js,e047f44e,enrique,2024-03-13,14:02:07,-04:00,2024-03-13T14:02:07-04:00,2,59
src\routes\projects\+page.svelte,11,js,e047f44e,enrique,2024-03-13,14:02:07,-04:00,2024-03-13T14:02:07-04:00,2,42
src\routes\projects\+page.svelte,12,js,e047f44e,enrique,2024-03-13,14:02:07,-04:00,2024-03-13T14:02:07-04:00,1,1
src\routes\projects\+page.svelte,13,js,e047f44e,enrique,2024-03-13,14:02:07,-04:00,2024-03-13T14:02:07-04:00,0,0
src\routes\projects\+page.svelte,14,js,e047f44e,enrique,2024-03-13,14:02:07,-04:00,2024-03-13T14:02:07-04:00,1,15
src\routes\projects\+page.svelte,15,js,e047f44e,enrique,2024-03-13,14:02:07,-04:00,2024-03-13T14:02:07-04:00,1,2
src\routes\projects\+page.svelte,16,js,e047f44e,enrique,2024-03-13,14:02:07,-04:00,2024-03-13T14:02:07-04:00,2,26
src\routes\projects\+page.svelte,17,js,e047f44e,enrique,2024-03-13,14:02:07,-04:00,2024-03-13T14:02:07-04:00,3,15
src\routes\projects\+page.svelte,18,js,e047f44e,enrique,2024-03-13,14:02:07,-04:00,2024-03-13T14:02:07-04:00,3,14
src\routes\projects\+page.svelte,19,js,e047f44e,enrique,2024-03-13,14:02:07,-04:00,2024-03-13T14:02:07-04:00,3,12
src\routes\projects\+page.svelte,20,js,e047f44e,enrique,2024-03-13,14:02:07,-04:00,2024-03-13T14:02:07-04:00,2,0
src\routes\projects\+page.svelte,21,js,e047f44e,enrique,2024-03-13,14:02:07,-04:00,2024-03-13T14:02:07-04:00,2,43
src\routes\projects\+page.svelte,22,js,e047f44e,enrique,2024-03-13,14:02:07,-04:00,2024-03-13T14:02:07-04:00,3,35
src\routes\projects\+page.svelte,23,js,e047f44e,enrique,2024-03-13,14:02:07,-04:00,2024-03-13T14:02:07-04:00,2,1
src\routes\projects\+page.svelte,24,js,e047f44e,enrique,2024-03-13,14:02:07,-04:00,2024-03-13T14:02:07-04:00,1,0
src\routes\projects\+page.svelte,25,js,e047f44e,enrique,2024-03-13,14:02:07,-04:00,2024-03-13T14:02:07-04:00,0,0
src\routes\projects\+page.svelte,26,js,e047f44e,enrique,2024-03-13,14:02:07,-04:00,2024-03-13T14:02:07-04:00,1,25
src\routes\projects\+page.svelte,27,js,e047f44e,enrique,2024-03-13,14:02:07,-04:00,2024-03-13T14:02:07-04:00,1,15
src\routes\projects\+page.svelte,28,js,e047f44e,enrique,2024-03-13,14:02:07,-04:00,2024-03-13T14:02:07-04:00,1,25
src\routes\projects\+page.svelte,29,js,e047f44e,enrique,2024-03-13,14:02:07,-04:00,2024-03-13T14:02:07-04:00,1,1
src\routes\projects\+page.svelte,30,js,e047f44e,enrique,2024-03-13,14:02:07,-04:00,2024-03-13T14:02:07-04:00,2,46
src\routes\projects\+page.svelte,31,js,e047f44e,enrique,2024-03-13,14:02:07,-04:00,2024-03-13T14:02:07-04:00,2,17
src\routes\projects\+page.svelte,32,js,e047f44e,enrique,2024-03-13,14:02:07,-04:00,2024-03-13T14:02:07-04:00,3,90
src\routes\projects\+page.svelte,33,js,e047f44e,enrique,2024-03-13,14:02:07,-04:00,2024-03-13T14:02:07-04:00,2,6
src\routes\projects\+page.svelte,34,js,e047f44e,enrique,2024-03-13,14:02:07,-04:00,2024-03-13T14:02:07-04:00,3,44
src\routes\projects\+page.svelte,35,js,e047f44e,enrique,2024-03-13,14:02:07,-04:00,2024-03-13T14:02:07-04:00,2,0
src\routes\projects\+page.svelte,36,js,e047f44e,enrique,2024-03-13,14:02:07,-04:00,2024-03-13T14:02:07-04:00,1,0
src\routes\projects\+page.svelte,37,js,e047f44e,enrique,2024-03-13,14:02:07,-04:00,2024-03-13T14:02:07-04:00,1,0
src\routes\projects\+page.svelte,38,svelte,ce78bfa4,enrique,2024-02-26,22:00:00,-05:00,2024-02-26T22:00:00-05:00,0,7
src\routes\projects\+page.svelte,39,svelte,ce78bfa4,enrique,2024-02-26,22:00:00,-05:00,2024-02-26T22:00:00-05:00,0,0
src\routes\projects\+page.svelte,40,svelte,ce78bfa4,enrique,2024-02-26,22:00:00,-05:00,2024-02-26T22:00:00-05:00,0,33
src\routes\projects\+page.svelte,41,svelte,e047f44e,enrique,2024-03-13,14:02:07,-04:00,2024-03-13T14:02:07-04:00,0,0
src\routes\projects\+page.svelte,42,svelte,e047f44e,enrique,2024-03-13,14:02:07,-04:00,2024-03-13T14:02:07-04:00,0,54
src\routes\projects\+page.svelte,43,svelte,e047f44e,enrique,2024-03-13,14:02:07,-04:00,2024-03-13T14:02:07-04:00,0,12
src\routes\projects\+page.svelte,44,svelte,e047f44e,enrique,2024-03-13,14:02:07,-04:00,2024-03-13T14:02:07-04:00,0,0
src\routes\projects\+page.svelte,45,svelte,e047f44e,enrique,2024-03-13,14:02:07,-04:00,2024-03-13T14:02:07-04:00,0,4
src\routes\projects\+page.svelte,46,svelte,e047f44e,enrique,2024-03-13,14:02:07,-04:00,2024-03-13T14:02:07-04:00,1,11
src\routes\projects\+page.svelte,47,svelte,e047f44e,enrique,2024-03-13,14:02:07,-04:00,2024-03-13T14:02:07-04:00,1,16
src\routes\projects\+page.svelte,48,svelte,e047f44e,enrique,2024-03-13,14:02:07,-04:00,2024-03-13T14:02:07-04:00,1,26
src\routes\projects\+page.svelte,49,svelte,e047f44e,enrique,2024-03-13,14:02:07,-04:00,2024-03-13T14:02:07-04:00,1,31
src\routes\projects\+page.svelte,50,svelte,e047f44e,enrique,2024-03-13,14:02:07,-04:00,2024-03-13T14:02:07-04:00,0,0
src\routes\projects\+page.svelte,51,svelte,e047f44e,enrique,2024-03-13,14:02:07,-04:00,2024-03-13T14:02:07-04:00,0,0
src\routes\projects\+page.svelte,52,svelte,ce78bfa4,enrique,2024-02-26,22:00:00,-05:00,2024-02-26T22:00:00-05:00,0,20
src\routes\projects\+page.svelte,53,svelte,5ba77e08,enrique,2024-03-20,10:10:33,-04:00,2024-03-20T10:10:33-04:00,1,39
src\routes\projects\+page.svelte,54,svelte,ce78bfa4,enrique,2024-02-26,22:00:00,-05:00,2024-02-26T22:00:00-05:00,2,31
src\routes\projects\+page.svelte,55,svelte,ce78bfa4,enrique,2024-02-26,22:00:00,-05:00,2024-02-26T22:00:00-05:00,1,5
src\routes\projects\+page.svelte,56,svelte,ce78bfa4,enrique,2024-02-26,22:00:00,-05:00,2024-02-26T22:00:00-05:00,0,4
src\routes\meta\+page.svelte,1,svelte,00000000,Not Committed Yet,2024-03-21,13:24:02,-04:00,2024-03-21T13:24:02-04:00,0,6
src\routes\meta\+page.svelte,2,js,00000000,Not Committed Yet,2024-03-21,13:24:02,-04:00,2024-03-21T13:24:02-04:00,1,23
src\routes\meta\+page.svelte,3,js,00000000,Not Committed Yet,2024-03-21,13:24:02,-04:00,2024-03-21T13:24:02-04:00,1,31
src\routes\meta\+page.svelte,4,js,00000000,Not Committed Yet,2024-03-21,13:24:02,-04:00,2024-03-21T13:24:02-04:00,1,47
src\routes\meta\+page.svelte,5,js,00000000,Not Committed Yet,2024-03-21,13:24:02,-04:00,2024-03-21T13:24:02-04:00,0,0
src\routes\meta\+page.svelte,6,js,00000000,Not Committed Yet,2024-03-21,13:24:02,-04:00,2024-03-21T13:24:02-04:00,1,17
src\routes\meta\+page.svelte,7,js,00000000,Not Committed Yet,2024-03-21,13:24:02,-04:00,2024-03-21T13:24:02-04:00,0,0
src\routes\meta\+page.svelte,8,js,00000000,Not Committed Yet,2024-03-21,13:24:02,-04:00,2024-03-21T13:24:02-04:00,1,19
src\routes\meta\+page.svelte,9,js,00000000,Not Committed Yet,2024-03-21,13:24:02,-04:00,2024-03-21T13:24:02-04:00,2,45
src\routes\meta\+page.svelte,10,js,00000000,Not Committed Yet,2024-03-21,13:24:02,-04:00,2024-03-21T13:24:02-04:00,3,5
src\routes\meta\+page.svelte,11,js,00000000,Not Committed Yet,2024-03-21,13:24:02,-04:00,2024-03-21T13:24:02-04:00,3,14
src\routes\meta\+page.svelte,12,js,00000000,Not Committed Yet,2024-03-21,13:24:02,-04:00,2024-03-21T13:24:02-04:00,3,16
src\routes\meta\+page.svelte,13,js,00000000,Not Committed Yet,2024-03-21,13:24:02,-04:00,2024-03-21T13:24:02-04:00,3,18
src\routes\meta\+page.svelte,14,js,00000000,Not Committed Yet,2024-03-21,13:24:02,-04:00,2024-03-21T13:24:02-04:00,3,49
src\routes\meta\+page.svelte,15,js,00000000,Not Committed Yet,2024-03-21,13:24:02,-04:00,2024-03-21T13:24:02-04:00,3,31
src\routes\meta\+page.svelte,16,js,00000000,Not Committed Yet,2024-03-21,13:24:02,-04:00,2024-03-21T13:24:02-04:00,2,2
src\routes\meta\+page.svelte,17,js,00000000,Not Committed Yet,2024-03-21,13:24:02,-04:00,2024-03-21T13:24:02-04:00,2,21
src\routes\meta\+page.svelte,18,js,00000000,Not Committed Yet,2024-03-21,13:24:02,-04:00,2024-03-21T13:24:02-04:00,1,1
src\routes\meta\+page.svelte,19,js,00000000,Not Committed Yet,2024-03-21,13:24:02,-04:00,2024-03-21T13:24:02-04:00,0,0
src\routes\meta\+page.svelte,20,js,00000000,Not Committed Yet,2024-03-21,13:24:02,-04:00,2024-03-21T13:24:02-04:00,1,13
src\routes\meta\+page.svelte,21,js,00000000,Not Committed Yet,2024-03-21,13:24:02,-04:00,2024-03-21T13:24:02-04:00,2,33
src\routes\meta\+page.svelte,22,js,00000000,Not Committed Yet,2024-03-21,13:24:02,-04:00,2024-03-21T13:24:02-04:00,2,25
src\routes\meta\+page.svelte,23,js,00000000,Not Committed Yet,2024-03-21,13:24:02,-04:00,2024-03-21T13:24:02-04:00,3,19
src\routes\meta\+page.svelte,24,js,00000000,Not Committed Yet,2024-03-21,13:24:02,-04:00,2024-03-21T13:24:02-04:00,3,53
src\routes\meta\+page.svelte,25,js,00000000,Not Committed Yet,2024-03-21,13:24:02,-04:00,2024-03-21T13:24:02-04:00,3,9
src\routes\meta\+page.svelte,26,js,00000000,Not Committed Yet,2024-03-21,13:24:02,-04:00,2024-03-21T13:24:02-04:00,4,9
src\routes\meta\+page.svelte,27,js,00000000,Not Committed Yet,2024-03-21,13:24:02,-04:00,2024-03-21T13:24:02-04:00,4,59
src\routes\meta\+page.svelte,28,js,00000000,Not Committed Yet,2024-03-21,13:24:02,-04:00,2024-03-21T13:24:02-04:00,4,5
src\routes\meta\+page.svelte,29,js,00000000,Not Committed Yet,2024-03-21,13:24:02,-04:00,2024-03-21T13:24:02-04:00,4,3
src\routes\meta\+page.svelte,30,js,00000000,Not Committed Yet,2024-03-21,13:24:02,-04:00,2024-03-21T13:24:02-04:00,4,3
src\routes\meta\+page.svelte,31,js,00000000,Not Committed Yet,2024-03-21,13:24:02,-04:00,2024-03-21T13:24:02-04:00,4,7
src\routes\meta\+page.svelte,32,js,00000000,Not Committed Yet,2024-03-21,13:24:02,-04:00,2024-03-21T13:24:02-04:00,4,7
src\routes\meta\+page.svelte,33,js,00000000,Not Committed Yet,2024-03-21,13:24:02,-04:00,2024-03-21T13:24:02-04:00,4,57
src\routes\meta\+page.svelte,34,js,00000000,Not Committed Yet,2024-03-21,13:24:02,-04:00,2024-03-21T13:24:02-04:00,4,23
src\routes\meta\+page.svelte,35,js,00000000,Not Committed Yet,2024-03-21,13:24:02,-04:00,2024-03-21T13:24:02-04:00,3,0
src\routes\meta\+page.svelte,36,js,00000000,Not Committed Yet,2024-03-21,13:24:02,-04:00,2024-03-21T13:24:02-04:00,0,0
src\routes\meta\+page.svelte,37,js,00000000,Not Committed Yet,2024-03-21,13:24:02,-04:00,2024-03-21T13:24:02-04:00,3,23
src\routes\meta\+page.svelte,38,js,00000000,Not Committed Yet,2024-03-21,13:24:02,-04:00,2024-03-21T13:24:02-04:00,3,59
src\routes\meta\+page.svelte,39,js,00000000,Not Committed Yet,2024-03-21,13:24:02,-04:00,2024-03-21T13:24:02-04:00,3,35
src\routes\meta\+page.svelte,40,js,00000000,Not Committed Yet,2024-03-21,13:24:02,-04:00,2024-03-21T13:24:02-04:00,4,11
src\routes\meta\+page.svelte,41,js,00000000,Not Committed Yet,2024-03-21,13:24:02,-04:00,2024-03-21T13:24:02-04:00,4,17
src\routes\meta\+page.svelte,42,js,00000000,Not Committed Yet,2024-03-21,13:24:02,-04:00,2024-03-21T13:24:02-04:00,4,13
src\routes\meta\+page.svelte,43,js,00000000,Not Committed Yet,2024-03-21,13:24:02,-04:00,2024-03-21T13:24:02-04:00,4,16
src\routes\meta\+page.svelte,44,js,00000000,Not Committed Yet,2024-03-21,13:24:02,-04:00,2024-03-21T13:24:02-04:00,3,1
src\routes\meta\+page.svelte,45,js,00000000,Not Committed Yet,2024-03-21,13:24:02,-04:00,2024-03-21T13:24:02-04:00,0,0
src\routes\meta\+page.svelte,46,js,00000000,Not Committed Yet,2024-03-21,13:24:02,-04:00,2024-03-21T13:24:02-04:00,3,9
src\routes\meta\+page.svelte,47,js,00000000,Not Committed Yet,2024-03-21,13:24:02,-04:00,2024-03-21T13:24:02-04:00,2,1
src\routes\meta\+page.svelte,48,js,00000000,Not Committed Yet,2024-03-21,13:24:02,-04:00,2024-03-21T13:24:02-04:00,0,0
src\routes\meta\+page.svelte,49,js,00000000,Not Committed Yet,2024-03-21,13:24:02,-04:00,2024-03-21T13:24:02-04:00,1,22
src\routes\meta\+page.svelte,50,js,00000000,Not Committed Yet,2024-03-21,13:24:02,-04:00,2024-03-21T13:24:02-04:00,0,0
src\routes\meta\+page.svelte,51,js,00000000,Not Committed Yet,2024-03-21,13:24:02,-04:00,2024-03-21T13:24:02-04:00,1,26
src\routes\meta\+page.svelte,52,js,00000000,Not Committed Yet,2024-03-21,13:24:02,-04:00,2024-03-21T13:24:02-04:00,2,8
src\routes\meta\+page.svelte,53,js,00000000,Not Committed Yet,2024-03-21,13:24:02,-04:00,2024-03-21T13:24:02-04:00,2,30
src\routes\meta\+page.svelte,54,js,00000000,Not Committed Yet,2024-03-21,13:24:02,-04:00,2024-03-21T13:24:02-04:00,2,12
src\routes\meta\+page.svelte,55,js,00000000,Not Committed Yet,2024-03-21,13:24:02,-04:00,2024-03-21T13:24:02-04:00,1,0
src\routes\meta\+page.svelte,56,js,00000000,Not Committed Yet,2024-03-21,13:24:02,-04:00,2024-03-21T13:24:02-04:00,1,52
src\routes\meta\+page.svelte,57,js,00000000,Not Committed Yet,2024-03-21,13:24:02,-04:00,2024-03-21T13:24:02-04:00,0,0
src\routes\meta\+page.svelte,58,js,00000000,Not Committed Yet,2024-03-21,13:24:02,-04:00,2024-03-21T13:24:02-04:00,1,44
src\routes\meta\+page.svelte,59,js,00000000,Not Committed Yet,2024-03-21,13:24:02,-04:00,2024-03-21T13:24:02-04:00,0,0
src\routes\meta\+page.svelte,60,js,00000000,Not Committed Yet,2024-03-21,13:24:02,-04:00,2024-03-21T13:24:02-04:00,1,17
src\routes\meta\+page.svelte,61,js,00000000,Not Committed Yet,2024-03-21,13:24:02,-04:00,2024-03-21T13:24:02-04:00,1,2
src\routes\meta\+page.svelte,62,js,00000000,Not Committed Yet,2024-03-21,13:24:02,-04:00,2024-03-21T13:24:02-04:00,2,28
src\routes\meta\+page.svelte,63,js,00000000,Not Committed Yet,2024-03-21,13:24:02,-04:00,2024-03-21T13:24:02-04:00,3,8
src\routes\meta\+page.svelte,64,js,00000000,Not Committed Yet,2024-03-21,13:24:02,-04:00,2024-03-21T13:24:02-04:00,3,14
src\routes\meta\+page.svelte,65,js,00000000,Not Committed Yet,2024-03-21,13:24:02,-04:00,2024-03-21T13:24:02-04:00,3,61
src\routes\meta\+page.svelte,66,js,00000000,Not Committed Yet,2024-03-21,13:24:02,-04:00,2024-03-21T13:24:02-04:00,2,0
src\routes\meta\+page.svelte,67,js,00000000,Not Committed Yet,2024-03-21,13:24:02,-04:00,2024-03-21T13:24:02-04:00,2,54
src\routes\meta\+page.svelte,68,js,00000000,Not Committed Yet,2024-03-21,13:24:02,-04:00,2024-03-21T13:24:02-04:00,1,0
src\routes\meta\+page.svelte,69,js,00000000,Not Committed Yet,2024-03-21,13:24:02,-04:00,2024-03-21T13:24:02-04:00,0,0
src\routes\meta\+page.svelte,70,js,00000000,Not Committed Yet,2024-03-21,13:24:02,-04:00,2024-03-21T13:24:02-04:00,1,17
src\routes\meta\+page.svelte,71,js,00000000,Not Committed Yet,2024-03-21,13:24:02,-04:00,2024-03-21T13:24:02-04:00,2,11
src\routes\meta\+page.svelte,72,js,00000000,Not Committed Yet,2024-03-21,13:24:02,-04:00,2024-03-21T13:24:02-04:00,0,0
src\routes\meta\+page.svelte,73,js,00000000,Not Committed Yet,2024-03-21,13:24:02,-04:00,2024-03-21T13:24:02-04:00,1,50
src\routes\meta\+page.svelte,74,js,00000000,Not Committed Yet,2024-03-21,13:24:02,-04:00,2024-03-21T13:24:02-04:00,1,12
src\routes\meta\+page.svelte,75,js,00000000,Not Committed Yet,2024-03-21,13:24:02,-04:00,2024-03-21T13:24:02-04:00,2,59
src\routes\meta\+page.svelte,76,js,00000000,Not Committed Yet,2024-03-21,13:24:02,-04:00,2024-03-21T13:24:02-04:00,2,6
src\routes\meta\+page.svelte,77,js,00000000,Not Committed Yet,2024-03-21,13:24:02,-04:00,2024-03-21T13:24:02-04:00,1,23
src\routes\meta\+page.svelte,78,svelte,00000000,Not Committed Yet,2024-03-21,13:24:02,-04:00,2024-03-21T13:24:02-04:00,0,7
src\routes\meta\+page.svelte,79,svelte,00000000,Not Committed Yet,2024-03-21,13:24:02,-04:00,2024-03-21T13:24:02-04:00,0,0
src\routes\meta\+page.svelte,80,svelte,8f84ca65,enrique,2024-03-20,10:37:33,-04:00,2024-03-20T10:37:33-04:00,0,11
src\routes\meta\+page.svelte,81,svelte,8f84ca65,enrique,2024-03-20,10:37:33,-04:00,2024-03-20T10:37:33-04:00,0,0
src\routes\meta\+page.svelte,82,svelte,8f84ca65,enrique,2024-03-20,10:37:33,-04:00,2024-03-20T10:37:33-04:00,0,39
src\routes\meta\+page.svelte,83,svelte,8f84ca65,enrique,2024-03-20,10:37:33,-04:00,2024-03-20T10:37:33-04:00,0,0
src\routes\meta\+page.svelte,84,svelte,00000000,Not Committed Yet,2024-03-21,13:24:02,-04:00,2024-03-21T13:24:02-04:00,0,4
src\routes\meta\+page.svelte,85,svelte,00000000,Not Committed Yet,2024-03-21,13:24:02,-04:00,2024-03-21T13:24:02-04:00,1,6
src\routes\meta\+page.svelte,86,svelte,00000000,Not Committed Yet,2024-03-21,13:24:02,-04:00,2024-03-21T13:24:02-04:00,2,45
src\routes\meta\+page.svelte,87,svelte,00000000,Not Committed Yet,2024-03-21,13:24:02,-04:00,2024-03-21T13:24:02-04:00,2,47
src\routes\meta\+page.svelte,88,svelte,00000000,Not Committed Yet,2024-03-21,13:24:02,-04:00,2024-03-21T13:24:02-04:00,2,41
src\routes\meta\+page.svelte,89,svelte,00000000,Not Committed Yet,2024-03-21,13:24:02,-04:00,2024-03-21T13:24:02-04:00,2,50
src\routes\meta\+page.svelte,90,svelte,00000000,Not Committed Yet,2024-03-21,13:24:02,-04:00,2024-03-21T13:24:02-04:00,2,43
src\routes\meta\+page.svelte,91,svelte,00000000,Not Committed Yet,2024-03-21,13:24:02,-04:00,2024-03-21T13:24:02-04:00,1,0
src\routes\meta\+page.svelte,92,svelte,00000000,Not Committed Yet,2024-03-21,13:24:02,-04:00,2024-03-21T13:24:02-04:00,0,0
src\routes\meta\+page.svelte,93,svelte,00000000,Not Committed Yet,2024-03-21,13:24:02,-04:00,2024-03-21T13:24:02-04:00,0,0
src\routes\meta\+page.svelte,94,svelte,00000000,Not Committed Yet,2024-03-21,13:24:02,-04:00,2024-03-21T13:24:02-04:00,0,34
src\routes\meta\+page.svelte,95,svelte,00000000,Not Committed Yet,2024-03-21,13:24:02,-04:00,2024-03-21T13:24:02-04:00,1,14
src\routes\meta\+page.svelte,96,svelte,00000000,Not Committed Yet,2024-03-21,13:24:02,-04:00,2024-03-21T13:24:02-04:00,2,30
src\routes\meta\+page.svelte,97,svelte,00000000,Not Committed Yet,2024-03-21,13:24:02,-04:00,2024-03-21T13:24:02-04:00,3,5
src\routes\meta\+page.svelte,98,svelte,00000000,Not Committed Yet,2024-03-21,13:24:02,-04:00,2024-03-21T13:24:02-04:00,4,26
src\routes\meta\+page.svelte,99,svelte,00000000,Not Committed Yet,2024-03-21,13:24:02,-04:00,2024-03-21T13:24:02-04:00,4,26
src\routes\meta\+page.svelte,100,svelte,00000000,Not Committed Yet,2024-03-21,13:24:02,-04:00,2024-03-21T13:24:02-04:00,4,3
src\routes\meta\+page.svelte,101,svelte,00000000,Not Committed Yet,2024-03-21,13:24:02,-04:00,2024-03-21T13:24:02-04:00,4,14
src\routes\meta\+page.svelte,102,svelte,00000000,Not Committed Yet,2024-03-21,13:24:02,-04:00,2024-03-21T13:24:02-04:00,3,0
src\routes\meta\+page.svelte,103,svelte,00000000,Not Committed Yet,2024-03-21,13:24:02,-04:00,2024-03-21T13:24:02-04:00,2,5
src\routes\meta\+page.svelte,104,svelte,00000000,Not Committed Yet,2024-03-21,13:24:02,-04:00,2024-03-21T13:24:02-04:00,1,2
src\routes\meta\+page.svelte,105,svelte,00000000,Not Committed Yet,2024-03-21,13:24:02,-04:00,2024-03-21T13:24:02-04:00,0,4
src\routes\meta\+page.svelte,106,svelte,8f84ca65,enrique,2024-03-20,10:37:33,-04:00,2024-03-20T10:37:33-04:00,0,0
src\routes\meta\+page.svelte,107,svelte,00000000,Not Committed Yet,2024-03-21,13:24:02,-04:00,2024-03-21T13:24:02-04:00,0,5
src\routes\meta\+page.svelte,108,css,00000000,Not Committed Yet,2024-03-21,13:24:02,-04:00,2024-03-21T13:24:02-04:00,1,3
src\routes\meta\+page.svelte,109,css,00000000,Not Committed Yet,2024-03-21,13:24:02,-04:00,2024-03-21T13:24:02-04:00,2,16
src\routes\meta\+page.svelte,110,css,00000000,Not Committed Yet,2024-03-21,13:24:02,-04:00,2024-03-21T13:24:02-04:00,1,0
src\routes\meta\+page.svelte,111,svelte,00000000,Not Committed Yet,2024-03-21,13:24:02,-04:00,2024-03-21T13:24:02-04:00,0,6
src\routes\contact\+page.svelte,1,svelte,ce78bfa4,enrique,2024-02-26,22:00:00,-05:00,2024-02-26T22:00:00-05:00,0,14
src\routes\contact\+page.svelte,2,svelte,ce78bfa4,enrique,2024-02-26,22:00:00,-05:00,2024-02-26T22:00:00-05:00,0,36
src\routes\contact\+page.svelte,3,svelte,ce78bfa4,enrique,2024-02-26,22:00:00,-05:00,2024-02-26T22:00:00-05:00,1,4
src\routes\contact\+page.svelte,4,svelte,ce78bfa4,enrique,2024-02-26,22:00:00,-05:00,2024-02-26T22:00:00-05:00,2,34
src\routes\contact\+page.svelte,5,svelte,ce78bfa4,enrique,2024-02-26,22:00:00,-05:00,2024-02-26T22:00:00-05:00,2,34
src\routes\contact\+page.svelte,6,svelte,ce78bfa4,enrique,2024-02-26,22:00:00,-05:00,2024-02-26T22:00:00-05:00,1,5
src\routes\contact\+page.svelte,7,svelte,ce78bfa4,enrique,2024-02-26,22:00:00,-05:00,2024-02-26T22:00:00-05:00,1,4
src\routes\contact\+page.svelte,8,svelte,ce78bfa4,enrique,2024-02-26,22:00:00,-05:00,2024-02-26T22:00:00-05:00,2,29
src\routes\contact\+page.svelte,9,svelte,ce78bfa4,enrique,2024-02-26,22:00:00,-05:00,2024-02-26T22:00:00-05:00,2,57
src\routes\contact\+page.svelte,10,svelte,ce78bfa4,enrique,2024-02-26,22:00:00,-05:00,2024-02-26T22:00:00-05:00,1,5
src\routes\contact\+page.svelte,11,svelte,ce78bfa4,enrique,2024-02-26,22:00:00,-05:00,2024-02-26T22:00:00-05:00,1,35
src\routes\contact\+page.svelte,12,svelte,ce78bfa4,enrique,2024-02-26,22:00:00,-05:00,2024-02-26T22:00:00-05:00,0,5
src\routes\contact\+page.svelte,13,svelte,d15631e2,enrique,2024-03-07,15:08:09,-05:00,2024-03-07T15:08:09-05:00,0,0
src\routes\contact\+page.svelte,14,svelte,d15631e2,enrique,2024-03-07,15:08:09,-05:00,2024-03-07T15:08:09-05:00,0,5
src\routes\contact\+page.svelte,15,css,d15631e2,enrique,2024-03-07,15:08:09,-05:00,2024-03-07T15:08:09-05:00,1,4
src\routes\contact\+page.svelte,16,css,d15631e2,enrique,2024-03-07,15:08:09,-05:00,2024-03-07T15:08:09-05:00,2,12
src\routes\contact\+page.svelte,17,css,d15631e2,enrique,2024-03-07,15:08:09,-05:00,2024-03-07T15:08:09-05:00,2,30
src\routes\contact\+page.svelte,18,css,d15631e2,enrique,2024-03-07,15:08:09,-05:00,2024-03-07T15:08:09-05:00,2,7
src\routes\contact\+page.svelte,19,css,d15631e2,enrique,2024-03-07,15:08:09,-05:00,2024-03-07T15:08:09-05:00,0,0
src\routes\contact\+page.svelte,20,css,d15631e2,enrique,2024-03-07,15:08:09,-05:00,2024-03-07T15:08:09-05:00,2,4
src\routes\contact\+page.svelte,21,css,d15631e2,enrique,2024-03-07,15:08:09,-05:00,2024-03-07T15:08:09-05:00,2,7
src\routes\contact\+page.svelte,22,css,d15631e2,enrique,2024-03-07,15:08:09,-05:00,2024-03-07T15:08:09-05:00,2,5
src\routes\contact\+page.svelte,23,css,d15631e2,enrique,2024-03-07,15:08:09,-05:00,2024-03-07T15:08:09-05:00,2,6
src\routes\contact\+page.svelte,24,css,d15631e2,enrique,2024-03-07,15:08:09,-05:00,2024-03-07T15:08:09-05:00,3,12
src\routes\contact\+page.svelte,25,css,d15631e2,enrique,2024-03-07,15:08:09,-05:00,2024-03-07T15:08:09-05:00,2,0
src\routes\contact\+page.svelte,26,css,d15631e2,enrique,2024-03-07,15:08:09,-05:00,2024-03-07T15:08:09-05:00,0,0
src\routes\contact\+page.svelte,27,css,d15631e2,enrique,2024-03-07,15:08:09,-05:00,2024-03-07T15:08:09-05:00,2,3
src\routes\contact\+page.svelte,28,css,d15631e2,enrique,2024-03-07,15:08:09,-05:00,2024-03-07T15:08:09-05:00,2,6
src\routes\contact\+page.svelte,29,css,d15631e2,enrique,2024-03-07,15:08:09,-05:00,2024-03-07T15:08:09-05:00,3,12
src\routes\contact\+page.svelte,30,css,d15631e2,enrique,2024-03-07,15:08:09,-05:00,2024-03-07T15:08:09-05:00,3,29
src\routes\contact\+page.svelte,31,css,d15631e2,enrique,2024-03-07,15:08:09,-05:00,2024-03-07T15:08:09-05:00,3,18
src\routes\contact\+page.svelte,32,css,d15631e2,enrique,2024-03-07,15:08:09,-05:00,2024-03-07T15:08:09-05:00,2,0
src\routes\contact\+page.svelte,33,css,d15631e2,enrique,2024-03-07,15:08:09,-05:00,2024-03-07T15:08:09-05:00,1,0
src\routes\contact\+page.svelte,34,svelte,d15631e2,enrique,2024-03-07,15:08:09,-05:00,2024-03-07T15:08:09-05:00,0,6
src\lib\index.js,1,js,ad9f83f,enrique,2024-02-26,16:35:17,-05:00,2024-02-26T16:35:17-05:00,0,72
src\lib\components\Stats.svelte,1,svelte,d15631e2,enrique,2024-03-07,15:08:09,-05:00,2024-03-07T15:08:09-05:00,0,6
src\lib\components\Stats.svelte,2,js,d15631e2,enrique,2024-03-07,15:08:09,-05:00,2024-03-07T15:08:09-05:00,1,15
src\lib\components\Stats.svelte,3,svelte,d15631e2,enrique,2024-03-07,15:08:09,-05:00,2024-03-07T15:08:09-05:00,0,7
src\lib\components\Stats.svelte,4,svelte,d15631e2,enrique,2024-03-07,15:08:09,-05:00,2024-03-07T15:08:09-05:00,0,0
src\lib\components\Stats.svelte,5,svelte,d15631e2,enrique,2024-03-07,15:08:09,-05:00,2024-03-07T15:08:09-05:00,0,2
src\lib\components\Stats.svelte,6,svelte,d15631e2,enrique,2024-03-07,15:08:09,-05:00,2024-03-07T15:08:09-05:00,1,31
src\lib\components\Stats.svelte,7,svelte,d15631e2,enrique,2024-03-07,15:08:09,-05:00,2024-03-07T15:08:09-05:00,2,2
src\lib\components\Stats.svelte,8,svelte,d15631e2,enrique,2024-03-07,15:08:09,-05:00,2024-03-07T15:08:09-05:00,3,9
src\lib\components\Stats.svelte,9,svelte,d15631e2,enrique,2024-03-07,15:08:09,-05:00,2024-03-07T15:08:09-05:00,2,3
src\lib\components\Stats.svelte,10,svelte,d15631e2,enrique,2024-03-07,15:08:09,-05:00,2024-03-07T15:08:09-05:00,2,19
src\lib\components\Stats.svelte,11,svelte,d15631e2,enrique,2024-03-07,15:08:09,-05:00,2024-03-07T15:08:09-05:00,1,5
src\lib\components\Stats.svelte,12,svelte,d15631e2,enrique,2024-03-07,15:08:09,-05:00,2024-03-07T15:08:09-05:00,0,3
src\lib\components\Stats.svelte,13,svelte,d15631e2,enrique,2024-03-07,15:08:09,-05:00,2024-03-07T15:08:09-05:00,0,0
src\lib\components\Stats.svelte,14,svelte,d15631e2,enrique,2024-03-07,15:08:09,-05:00,2024-03-07T15:08:09-05:00,0,5
src\lib\components\Stats.svelte,15,css,d15631e2,enrique,2024-03-07,15:08:09,-05:00,2024-03-07T15:08:09-05:00,1,2
src\lib\components\Stats.svelte,16,css,d15631e2,enrique,2024-03-07,15:08:09,-05:00,2024-03-07T15:08:09-05:00,2,12
src\lib\components\Stats.svelte,17,css,ad01eddf,enrique,2024-03-12,20:02:07,-04:00,2024-03-12T20:02:07-04:00,2,21
src\lib\components\Stats.svelte,18,css,ad01eddf,enrique,2024-03-12,20:02:07,-04:00,2024-03-12T20:02:07-04:00,2,12
src\lib\components\Stats.svelte,19,css,ad01eddf,enrique,2024-03-12,20:02:07,-04:00,2024-03-12T20:02:07-04:00,2,20
src\lib\components\Stats.svelte,20,css,ad01eddf,enrique,2024-03-12,20:02:07,-04:00,2024-03-12T20:02:07-04:00,2,43
src\lib\components\Stats.svelte,21,css,d15631e2,enrique,2024-03-07,15:08:09,-05:00,2024-03-07T15:08:09-05:00,1,0
src\lib\components\Stats.svelte,22,css,d15631e2,enrique,2024-03-07,15:08:09,-05:00,2024-03-07T15:08:09-05:00,0,0
src\lib\components\Stats.svelte,23,css,d15631e2,enrique,2024-03-07,15:08:09,-05:00,2024-03-07T15:08:09-05:00,1,2
src\lib\components\Stats.svelte,24,css,d15631e2,enrique,2024-03-07,15:08:09,-05:00,2024-03-07T15:08:09-05:00,2,12
src\lib\components\Stats.svelte,25,css,d15631e2,enrique,2024-03-07,15:08:09,-05:00,2024-03-07T15:08:09-05:00,2,11
src\lib\components\Stats.svelte,26,css,d15631e2,enrique,2024-03-07,15:08:09,-05:00,2024-03-07T15:08:09-05:00,2,0
src\lib\components\Stats.svelte,27,css,d15631e2,enrique,2024-03-07,15:08:09,-05:00,2024-03-07T15:08:09-05:00,2,24
src\lib\components\Stats.svelte,28,css,d15631e2,enrique,2024-03-07,15:08:09,-05:00,2024-03-07T15:08:09-05:00,1,0
src\lib\components\Stats.svelte,29,css,d15631e2,enrique,2024-03-07,15:08:09,-05:00,2024-03-07T15:08:09-05:00,1,0
src\lib\components\Stats.svelte,30,css,d15631e2,enrique,2024-03-07,15:08:09,-05:00,2024-03-07T15:08:09-05:00,1,2
src\lib\components\Stats.svelte,31,css,d15631e2,enrique,2024-03-07,15:08:09,-05:00,2024-03-07T15:08:09-05:00,2,19
src\lib\components\Stats.svelte,32,css,d15631e2,enrique,2024-03-07,15:08:09,-05:00,2024-03-07T15:08:09-05:00,2,8
src\lib\components\Stats.svelte,33,css,d15631e2,enrique,2024-03-07,15:08:09,-05:00,2024-03-07T15:08:09-05:00,2,14
src\lib\components\Stats.svelte,34,css,d15631e2,enrique,2024-03-07,15:08:09,-05:00,2024-03-07T15:08:09-05:00,1,0
src\lib\components\Stats.svelte,35,svelte,d15631e2,enrique,2024-03-07,15:08:09,-05:00,2024-03-07T15:08:09-05:00,0,6
src\lib\components\Project.svelte,1,svelte,ce78bfa4,enrique,2024-02-26,22:00:00,-05:00,2024-02-26T22:00:00-05:00,0,6
src\lib\components\Project.svelte,2,js,ce78bfa4,enrique,2024-02-26,22:00:00,-05:00,2024-02-26T22:00:00-05:00,1,26
src\lib\components\Project.svelte,3,js,ce78bfa4,enrique,2024-02-26,22:00:00,-05:00,2024-02-26T22:00:00-05:00,1,20
src\lib\components\Project.svelte,4,js,ce78bfa4,enrique,2024-02-26,22:00:00,-05:00,2024-02-26T22:00:00-05:00,0,0
src\lib\components\Project.svelte,5,js,ce78bfa4,enrique,2024-02-26,22:00:00,-05:00,2024-02-26T22:00:00-05:00,1,23
src\lib\components\Project.svelte,6,js,ce78bfa4,enrique,2024-02-26,22:00:00,-05:00,2024-02-26T22:00:00-05:00,2,54
src\lib\components\Project.svelte,7,svelte,ce78bfa4,enrique,2024-02-26,22:00:00,-05:00,2024-02-26T22:00:00-05:00,0,7
src\lib\components\Project.svelte,8,svelte,ce78bfa4,enrique,2024-02-26,22:00:00,-05:00,2024-02-26T22:00:00-05:00,0,0
src\lib\components\Project.svelte,9,svelte,ce78bfa4,enrique,2024-02-26,22:00:00,-05:00,2024-02-26T22:00:00-05:00,0,7
src\lib\components\Project.svelte,10,svelte,ce78bfa4,enrique,2024-02-26,22:00:00,-05:00,2024-02-26T22:00:00-05:00,1,70
src\lib\components\Project.svelte,11,svelte,ce78bfa4,enrique,2024-02-26,22:00:00,-05:00,2024-02-26T22:00:00-05:00,1,75
src\lib\components\Project.svelte,12,svelte,e047f44e,enrique,2024-03-13,14:02:07,-04:00,2024-03-13T14:02:07-04:00,1,3
src\lib\components\Project.svelte,13,svelte,e047f44e,enrique,2024-03-13,14:02:07,-04:00,2024-03-13T14:02:07-04:00,2,30
src\lib\components\Project.svelte,14,svelte,e047f44e,enrique,2024-03-13,14:02:07,-04:00,2024-03-13T14:02:07-04:00,2,23
src\lib\components\Project.svelte,15,svelte,e047f44e,enrique,2024-03-13,14:02:07,-04:00,2024-03-13T14:02:07-04:00,1,4
src\lib\components\Project.svelte,16,svelte,ce78bfa4,enrique,2024-02-26,22:00:00,-05:00,2024-02-26T22:00:00-05:00,0,8
src\lib\components\Project.svelte,17,svelte,8f5bafd8,enrique,2024-03-05,01:05:47,-05:00,2024-03-05T01:05:47-05:00,0,0
src\lib\components\Project.svelte,18,svelte,8f5bafd8,enrique,2024-03-05,01:05:47,-05:00,2024-03-05T01:05:47-05:00,0,5
src\lib\components\Project.svelte,19,css,8f5bafd8,enrique,2024-03-05,01:05:47,-05:00,2024-03-05T01:05:47-05:00,1,7
src\lib\components\Project.svelte,20,css,8f5bafd8,enrique,2024-03-05,01:05:47,-05:00,2024-03-05T01:05:47-05:00,2,12
src\lib\components\Project.svelte,21,css,8f5bafd8,enrique,2024-03-05,01:05:47,-05:00,2024-03-05T01:05:47-05:00,2,29
src\lib\components\Project.svelte,22,css,8f5bafd8,enrique,2024-03-05,01:05:47,-05:00,2024-03-05T01:05:47-05:00,2,15
src\lib\components\Project.svelte,23,css,8f5bafd8,enrique,2024-03-05,01:05:47,-05:00,2024-03-05T01:05:47-05:00,0,0
src\lib\components\Project.svelte,24,css,8f5bafd8,enrique,2024-03-05,01:05:47,-05:00,2024-03-05T01:05:47-05:00,2,2
src\lib\components\Project.svelte,25,css,8f5bafd8,enrique,2024-03-05,01:05:47,-05:00,2024-03-05T01:05:47-05:00,3,12
src\lib\components\Project.svelte,26,css,8f5bafd8,enrique,2024-03-05,01:05:47,-05:00,2024-03-05T01:05:47-05:00,2,0
src\lib\components\Project.svelte,27,css,8f5bafd8,enrique,2024-03-05,01:05:47,-05:00,2024-03-05T01:05:47-05:00,1,0
src\lib\components\Project.svelte,28,svelte,8f5bafd8,enrique,2024-03-05,01:05:47,-05:00,2024-03-05T01:05:47-05:00,0,6
src\lib\components\Pie.svelte,1,svelte,e047f44e,enrique,2024-03-13,14:02:07,-04:00,2024-03-13T14:02:07-04:00,0,6
src\lib\components\Pie.svelte,2,js,e047f44e,enrique,2024-03-13,14:02:07,-04:00,2024-03-13T14:02:07-04:00,1,23
src\lib\components\Pie.svelte,3,js,e047f44e,enrique,2024-03-13,14:02:07,-04:00,2024-03-13T14:02:07-04:00,0,0
src\lib\components\Pie.svelte,4,js,e047f44e,enrique,2024-03-13,14:02:07,-04:00,2024-03-13T14:02:07-04:00,1,17
src\lib\components\Pie.svelte,5,js,e047f44e,enrique,2024-03-13,14:02:07,-04:00,2024-03-13T14:02:07-04:00,0,0
src\lib\components\Pie.svelte,6,js,e047f44e,enrique,2024-03-13,14:02:07,-04:00,2024-03-13T14:02:07-04:00,1,28
src\lib\components\Pie.svelte,7,js,e047f44e,enrique,2024-03-13,14:02:07,-04:00,2024-03-13T14:02:07-04:00,0,0
src\lib\components\Pie.svelte,8,js,e047f44e,enrique,2024-03-13,14:02:07,-04:00,2024-03-13T14:02:07-04:00,1,57
src\lib\components\Pie.svelte,9,js,e047f44e,enrique,2024-03-13,14:02:07,-04:00,2024-03-13T14:02:07-04:00,0,0
src\lib\components\Pie.svelte,10,js,e047f44e,enrique,2024-03-13,14:02:07,-04:00,2024-03-13T14:02:07-04:00,1,50
src\lib\components\Pie.svelte,11,js,e047f44e,enrique,2024-03-13,14:02:07,-04:00,2024-03-13T14:02:07-04:00,0,0
src\lib\components\Pie.svelte,12,js,e047f44e,enrique,2024-03-13,14:02:07,-04:00,2024-03-13T14:02:07-04:00,1,7
src\lib\components\Pie.svelte,13,js,e047f44e,enrique,2024-03-13,14:02:07,-04:00,2024-03-13T14:02:07-04:00,1,2
src\lib\components\Pie.svelte,14,js,e047f44e,enrique,2024-03-13,14:02:07,-04:00,2024-03-13T14:02:07-04:00,2,36
src\lib\components\Pie.svelte,15,js,e047f44e,enrique,2024-03-13,14:02:07,-04:00,2024-03-13T14:02:07-04:00,2,41
src\lib\components\Pie.svelte,16,js,e047f44e,enrique,2024-03-13,14:02:07,-04:00,2024-03-13T14:02:07-04:00,1,0
src\lib\components\Pie.svelte,17,js,e047f44e,enrique,2024-03-13,14:02:07,-04:00,2024-03-13T14:02:07-04:00,0,0
src\lib\components\Pie.svelte,18,js,e047f44e,enrique,2024-03-13,14:02:07,-04:00,2024-03-13T14:02:07-04:00,1,47
src\lib\components\Pie.svelte,19,js,e047f44e,enrique,2024-03-13,14:02:07,-04:00,2024-03-13T14:02:07-04:00,0,0
src\lib\components\Pie.svelte,20,js,e047f44e,enrique,2024-03-13,14:02:07,-04:00,2024-03-13T14:02:07-04:00,1,39
src\lib\components\Pie.svelte,21,js,e047f44e,enrique,2024-03-13,14:02:07,-04:00,2024-03-13T14:02:07-04:00,2,35
src\lib\components\Pie.svelte,22,js,e047f44e,enrique,2024-03-13,14:02:07,-04:00,2024-03-13T14:02:07-04:00,3,5
src\lib\components\Pie.svelte,23,js,e047f44e,enrique,2024-03-13,14:02:07,-04:00,2024-03-13T14:02:07-04:00,2,0
src\lib\components\Pie.svelte,24,js,e047f44e,enrique,2024-03-13,14:02:07,-04:00,2024-03-13T14:02:07-04:00,0,0
src\lib\components\Pie.svelte,25,js,e047f44e,enrique,2024-03-13,14:02:07,-04:00,2024-03-13T14:02:07-04:00,2,33
src\lib\components\Pie.svelte,26,js,e047f44e,enrique,2024-03-13,14:02:07,-04:00,2024-03-13T14:02:07-04:00,3,17
src\lib\components\Pie.svelte,27,js,e047f44e,enrique,2024-03-13,14:02:07,-04:00,2024-03-13T14:02:07-04:00,2,6
src\lib\components\Pie.svelte,28,js,e047f44e,enrique,2024-03-13,14:02:07,-04:00,2024-03-13T14:02:07-04:00,3,25
src\lib\components\Pie.svelte,29,js,e047f44e,enrique,2024-03-13,14:02:07,-04:00,2024-03-13T14:02:07-04:00,2,0
src\lib\components\Pie.svelte,30,js,e047f44e,enrique,2024-03-13,14:02:07,-04:00,2024-03-13T14:02:07-04:00,1,0
src\lib\components\Pie.svelte,31,svelte,e047f44e,enrique,2024-03-13,14:02:07,-04:00,2024-03-13T14:02:07-04:00,0,7
src\lib\components\Pie.svelte,32,svelte,e047f44e,enrique,2024-03-13,14:02:07,-04:00,2024-03-13T14:02:07-04:00,0,0
src\lib\components\Pie.svelte,33,svelte,e047f44e,enrique,2024-03-13,14:02:07,-04:00,2024-03-13T14:02:07-04:00,0,21
src\lib\components\Pie.svelte,34,svelte,e047f44e,enrique,2024-03-13,14:02:07,-04:00,2024-03-13T14:02:07-04:00,1,29
src\lib\components\Pie.svelte,35,svelte,e047f44e,enrique,2024-03-13,14:02:07,-04:00,2024-03-13T14:02:07-04:00,2,21
src\lib\components\Pie.svelte,36,svelte,e047f44e,enrique,2024-03-13,14:02:07,-04:00,2024-03-13T14:02:07-04:00,3,3
src\lib\components\Pie.svelte,37,svelte,e047f44e,enrique,2024-03-13,14:02:07,-04:00,2024-03-13T14:02:07-04:00,4,6
src\lib\components\Pie.svelte,38,svelte,e047f44e,enrique,2024-03-13,14:02:07,-04:00,2024-03-13T14:02:07-04:00,4,57
src\lib\components\Pie.svelte,39,svelte,e047f44e,enrique,2024-03-13,14:02:07,-04:00,2024-03-13T14:02:07-04:00,4,29
src\lib\components\Pie.svelte,40,svelte,e047f44e,enrique,2024-03-13,14:02:07,-04:00,2024-03-13T14:02:07-04:00,4,33
src\lib\components\Pie.svelte,41,svelte,e047f44e,enrique,2024-03-13,14:02:07,-04:00,2024-03-13T14:02:07-04:00,4,10
src\lib\components\Pie.svelte,42,svelte,e047f44e,enrique,2024-03-13,14:02:07,-04:00,2024-03-13T14:02:07-04:00,4,11
src\lib\components\Pie.svelte,43,svelte,e047f44e,enrique,2024-03-13,14:02:07,-04:00,2024-03-13T14:02:07-04:00,4,17
src\lib\components\Pie.svelte,44,svelte,e047f44e,enrique,2024-03-13,14:02:07,-04:00,2024-03-13T14:02:07-04:00,3,0
src\lib\components\Pie.svelte,45,svelte,e047f44e,enrique,2024-03-13,14:02:07,-04:00,2024-03-13T14:02:07-04:00,2,5
src\lib\components\Pie.svelte,46,svelte,e047f44e,enrique,2024-03-13,14:02:07,-04:00,2024-03-13T14:02:07-04:00,1,4
src\lib\components\Pie.svelte,47,svelte,e047f44e,enrique,2024-03-13,14:02:07,-04:00,2024-03-13T14:02:07-04:00,0,0
src\lib\components\Pie.svelte,48,svelte,e047f44e,enrique,2024-03-13,14:02:07,-04:00,2024-03-13T14:02:07-04:00,1,17
src\lib\components\Pie.svelte,49,svelte,e047f44e,enrique,2024-03-13,14:02:07,-04:00,2024-03-13T14:02:07-04:00,2,21
src\lib\components\Pie.svelte,50,svelte,e047f44e,enrique,2024-03-13,14:02:07,-04:00,2024-03-13T14:02:07-04:00,3,31
src\lib\components\Pie.svelte,51,svelte,e047f44e,enrique,2024-03-13,14:02:07,-04:00,2024-03-13T14:02:07-04:00,4,65
src\lib\components\Pie.svelte,52,svelte,e047f44e,enrique,2024-03-13,14:02:07,-04:00,2024-03-13T14:02:07-04:00,4,28
src\lib\components\Pie.svelte,53,svelte,e047f44e,enrique,2024-03-13,14:02:07,-04:00,2024-03-13T14:02:07-04:00,3,3
src\lib\components\Pie.svelte,54,svelte,e047f44e,enrique,2024-03-13,14:02:07,-04:00,2024-03-13T14:02:07-04:00,2,5
src\lib\components\Pie.svelte,55,svelte,e047f44e,enrique,2024-03-13,14:02:07,-04:00,2024-03-13T14:02:07-04:00,1,3
src\lib\components\Pie.svelte,56,svelte,e047f44e,enrique,2024-03-13,14:02:07,-04:00,2024-03-13T14:02:07-04:00,0,4
src\lib\components\Pie.svelte,57,svelte,e047f44e,enrique,2024-03-13,14:02:07,-04:00,2024-03-13T14:02:07-04:00,0,0
src\lib\components\Pie.svelte,58,svelte,e047f44e,enrique,2024-03-13,14:02:07,-04:00,2024-03-13T14:02:07-04:00,0,5
src\lib\components\Pie.svelte,59,css,e047f44e,enrique,2024-03-13,14:02:07,-04:00,2024-03-13T14:02:07-04:00,1,10
src\lib\components\Pie.svelte,60,css,e047f44e,enrique,2024-03-13,14:02:07,-04:00,2024-03-13T14:02:07-04:00,2,12
src\lib\components\Pie.svelte,61,css,e047f44e,enrique,2024-03-13,14:02:07,-04:00,2024-03-13T14:02:07-04:00,2,18
src\lib\components\Pie.svelte,62,css,e047f44e,enrique,2024-03-13,14:02:07,-04:00,2024-03-13T14:02:07-04:00,2,8
src\lib\components\Pie.svelte,63,css,e047f44e,enrique,2024-03-13,14:02:07,-04:00,2024-03-13T14:02:07-04:00,1,0
src\lib\components\Pie.svelte,64,css,e047f44e,enrique,2024-03-13,14:02:07,-04:00,2024-03-13T14:02:07-04:00,0,0
src\lib\components\Pie.svelte,65,css,e047f44e,enrique,2024-03-13,14:02:07,-04:00,2024-03-13T14:02:07-04:00,1,3
src\lib\components\Pie.svelte,66,css,e047f44e,enrique,2024-03-13,14:02:07,-04:00,2024-03-13T14:02:07-04:00,2,14
src\lib\components\Pie.svelte,67,css,e047f44e,enrique,2024-03-13,14:02:07,-04:00,2024-03-13T14:02:07-04:00,2,16
src\lib\components\Pie.svelte,68,css,e047f44e,enrique,2024-03-13,14:02:07,-04:00,2024-03-13T14:02:07-04:00,0,0
src\lib\components\Pie.svelte,69,css,e047f44e,enrique,2024-03-13,14:02:07,-04:00,2024-03-13T14:02:07-04:00,2,42
src\lib\components\Pie.svelte,70,css,e047f44e,enrique,2024-03-13,14:02:07,-04:00,2024-03-13T14:02:07-04:00,2,16
src\lib\components\Pie.svelte,71,css,e047f44e,enrique,2024-03-13,14:02:07,-04:00,2024-03-13T14:02:07-04:00,1,0
src\lib\components\Pie.svelte,72,css,e047f44e,enrique,2024-03-13,14:02:07,-04:00,2024-03-13T14:02:07-04:00,0,0
src\lib\components\Pie.svelte,73,css,e047f44e,enrique,2024-03-13,14:02:07,-04:00,2024-03-13T14:02:07-04:00,1,39
src\lib\components\Pie.svelte,74,css,e047f44e,enrique,2024-03-13,14:02:07,-04:00,2024-03-13T14:02:07-04:00,2,32
src\lib\components\Pie.svelte,75,css,e047f44e,enrique,2024-03-13,14:02:07,-04:00,2024-03-13T14:02:07-04:00,3,11
src\lib\components\Pie.svelte,76,css,e047f44e,enrique,2024-03-13,14:02:07,-04:00,2024-03-13T14:02:07-04:00,2,0
src\lib\components\Pie.svelte,77,css,e047f44e,enrique,2024-03-13,14:02:07,-04:00,2024-03-13T14:02:07-04:00,2,14
src\lib\components\Pie.svelte,78,css,e047f44e,enrique,2024-03-13,14:02:07,-04:00,2024-03-13T14:02:07-04:00,1,0
src\lib\components\Pie.svelte,79,css,e047f44e,enrique,2024-03-13,14:02:07,-04:00,2024-03-13T14:02:07-04:00,0,0
src\lib\components\Pie.svelte,80,css,e047f44e,enrique,2024-03-13,14:02:07,-04:00,2024-03-13T14:02:07-04:00,1,4
src\lib\components\Pie.svelte,81,css,e047f44e,enrique,2024-03-13,14:02:07,-04:00,2024-03-13T14:02:07-04:00,2,16
src\lib\components\Pie.svelte,82,css,e047f44e,enrique,2024-03-13,14:02:07,-04:00,2024-03-13T14:02:07-04:00,2,12
src\lib\components\Pie.svelte,83,css,e047f44e,enrique,2024-03-13,14:02:07,-04:00,2024-03-13T14:02:07-04:00,1,0
src\lib\components\Pie.svelte,84,css,e047f44e,enrique,2024-03-13,14:02:07,-04:00,2024-03-13T14:02:07-04:00,0,0
src\lib\components\Pie.svelte,85,css,e047f44e,enrique,2024-03-13,14:02:07,-04:00,2024-03-13T14:02:07-04:00,1,7
src\lib\components\Pie.svelte,86,css,e047f44e,enrique,2024-03-13,14:02:07,-04:00,2024-03-13T14:02:07-04:00,2,6
src\lib\components\Pie.svelte,87,css,e047f44e,enrique,2024-03-13,14:02:07,-04:00,2024-03-13T14:02:07-04:00,0,0
src\lib\components\Pie.svelte,88,css,e047f44e,enrique,2024-03-13,14:02:07,-04:00,2024-03-13T14:02:07-04:00,2,21
src\lib\components\Pie.svelte,89,css,e047f44e,enrique,2024-03-13,14:02:07,-04:00,2024-03-13T14:02:07-04:00,2,17
src\lib\components\Pie.svelte,90,css,e047f44e,enrique,2024-03-13,14:02:07,-04:00,2024-03-13T14:02:07-04:00,2,12
src\lib\components\Pie.svelte,91,css,e047f44e,enrique,2024-03-13,14:02:07,-04:00,2024-03-13T14:02:07-04:00,2,15
src\lib\components\Pie.svelte,92,css,e047f44e,enrique,2024-03-13,14:02:07,-04:00,2024-03-13T14:02:07-04:00,2,12
src\lib\components\Pie.svelte,93,css,e047f44e,enrique,2024-03-13,14:02:07,-04:00,2024-03-13T14:02:07-04:00,2,57
src\lib\components\Pie.svelte,94,css,e047f44e,enrique,2024-03-13,14:02:07,-04:00,2024-03-13T14:02:07-04:00,2,10
src\lib\components\Pie.svelte,95,css,e047f44e,enrique,2024-03-13,14:02:07,-04:00,2024-03-13T14:02:07-04:00,0,0
src\lib\components\Pie.svelte,96,css,e047f44e,enrique,2024-03-13,14:02:07,-04:00,2024-03-13T14:02:07-04:00,2,2
src\lib\components\Pie.svelte,97,css,e047f44e,enrique,2024-03-13,14:02:07,-04:00,2024-03-13T14:02:07-04:00,3,12
src\lib\components\Pie.svelte,98,css,e047f44e,enrique,2024-03-13,14:02:07,-04:00,2024-03-13T14:02:07-04:00,3,10
src\lib\components\Pie.svelte,99,css,e047f44e,enrique,2024-03-13,14:02:07,-04:00,2024-03-13T14:02:07-04:00,3,16
src\lib\components\Pie.svelte,100,css,e047f44e,enrique,2024-03-13,14:02:07,-04:00,2024-03-13T14:02:07-04:00,2,0
src\lib\components\Pie.svelte,101,css,e047f44e,enrique,2024-03-13,14:02:07,-04:00,2024-03-13T14:02:07-04:00,0,0
src\lib\components\Pie.svelte,102,css,e047f44e,enrique,2024-03-13,14:02:07,-04:00,2024-03-13T14:02:07-04:00,2,2
src\lib\components\Pie.svelte,103,css,e047f44e,enrique,2024-03-13,14:02:07,-04:00,2024-03-13T14:02:07-04:00,3,19
src\lib\components\Pie.svelte,104,css,e047f44e,enrique,2024-03-13,14:02:07,-04:00,2024-03-13T14:02:07-04:00,2,0
src\lib\components\Pie.svelte,105,css,e047f44e,enrique,2024-03-13,14:02:07,-04:00,2024-03-13T14:02:07-04:00,0,0
src\lib\components\Pie.svelte,106,css,e047f44e,enrique,2024-03-13,14:02:07,-04:00,2024-03-13T14:02:07-04:00,2,7
src\lib\components\Pie.svelte,107,css,e047f44e,enrique,2024-03-13,14:02:07,-04:00,2024-03-13T14:02:07-04:00,3,11
src\lib\components\Pie.svelte,108,css,e047f44e,enrique,2024-03-13,14:02:07,-04:00,2024-03-13T14:02:07-04:00,3,12
src\lib\components\Pie.svelte,109,css,e047f44e,enrique,2024-03-13,14:02:07,-04:00,2024-03-13T14:02:07-04:00,2,0
src\lib\components\Pie.svelte,110,css,e047f44e,enrique,2024-03-13,14:02:07,-04:00,2024-03-13T14:02:07-04:00,1,0
src\lib\components\Pie.svelte,111,svelte,e047f44e,enrique,2024-03-13,14:02:07,-04:00,2024-03-13T14:02:07-04:00,0,6
src\lib\components\Navbar.svelte,1,svelte,ce78bfa4,enrique,2024-02-26,22:00:00,-05:00,2024-02-26T22:00:00-05:00,0,6
src\lib\components\Navbar.svelte,2,js,ce78bfa4,enrique,2024-02-26,22:00:00,-05:00,2024-02-26T22:00:00-05:00,1,33
src\lib\components\Navbar.svelte,3,js,ce78bfa4,enrique,2024-02-26,22:00:00,-05:00,2024-02-26T22:00:00-05:00,0,0
src\lib\components\Navbar.svelte,4,js,ce78bfa4,enrique,2024-02-26,22:00:00,-05:00,2024-02-26T22:00:00-05:00,1,11
src\lib\components\Navbar.svelte,5,js,ce78bfa4,enrique,2024-02-26,22:00:00,-05:00,2024-02-26T22:00:00-05:00,2,27
src\lib\components\Navbar.svelte,6,js,ce78bfa4,enrique,2024-02-26,22:00:00,-05:00,2024-02-26T22:00:00-05:00,2,39
src\lib\components\Navbar.svelte,7,js,ce78bfa4,enrique,2024-02-26,22:00:00,-05:00,2024-02-26T22:00:00-05:00,2,35
src\lib\components\Navbar.svelte,8,js,ce78bfa4,enrique,2024-02-26,22:00:00,-05:00,2024-02-26T22:00:00-05:00,2,37
src\lib\components\Navbar.svelte,9,js,8f84ca65,enrique,2024-03-20,10:37:33,-04:00,2024-03-20T10:37:33-04:00,2,31
src\lib\components\Navbar.svelte,10,js,ce78bfa4,enrique,2024-02-26,22:00:00,-05:00,2024-02-26T22:00:00-05:00,2,61
src\lib\components\Navbar.svelte,11,js,ce78bfa4,enrique,2024-02-26,22:00:00,-05:00,2024-02-26T22:00:00-05:00,1,0
src\lib\components\Navbar.svelte,12,svelte,ce78bfa4,enrique,2024-02-26,22:00:00,-05:00,2024-02-26T22:00:00-05:00,0,7
src\lib\components\Navbar.svelte,13,svelte,ce78bfa4,enrique,2024-02-26,22:00:00,-05:00,2024-02-26T22:00:00-05:00,0,0
src\lib\components\Navbar.svelte,14,svelte,ce78bfa4,enrique,2024-02-26,22:00:00,-05:00,2024-02-26T22:00:00-05:00,0,3
src\lib\components\Navbar.svelte,15,svelte,ce78bfa4,enrique,2024-02-26,22:00:00,-05:00,2024-02-26T22:00:00-05:00,1,16
src\lib\components\Navbar.svelte,16,svelte,ce78bfa4,enrique,2024-02-26,22:00:00,-05:00,2024-02-26T22:00:00-05:00,2,28
src\lib\components\Navbar.svelte,17,svelte,ce78bfa4,enrique,2024-02-26,22:00:00,-05:00,2024-02-26T22:00:00-05:00,3,20
src\lib\components\Navbar.svelte,18,svelte,ce78bfa4,enrique,2024-02-26,22:00:00,-05:00,2024-02-26T22:00:00-05:00,3,56
src\lib\components\Navbar.svelte,19,svelte,ce78bfa4,enrique,2024-02-26,22:00:00,-05:00,2024-02-26T22:00:00-05:00,4,7
src\lib\components\Navbar.svelte,20,svelte,ce78bfa4,enrique,2024-02-26,22:00:00,-05:00,2024-02-26T22:00:00-05:00,3,2
src\lib\components\Navbar.svelte,21,svelte,ce78bfa4,enrique,2024-02-26,22:00:00,-05:00,2024-02-26T22:00:00-05:00,2,5
src\lib\components\Navbar.svelte,22,svelte,ce78bfa4,enrique,2024-02-26,22:00:00,-05:00,2024-02-26T22:00:00-05:00,3,22
src\lib\components\Navbar.svelte,23,svelte,ce78bfa4,enrique,2024-02-26,22:00:00,-05:00,2024-02-26T22:00:00-05:00,3,61
src\lib\components\Navbar.svelte,24,svelte,ce78bfa4,enrique,2024-02-26,22:00:00,-05:00,2024-02-26T22:00:00-05:00,4,7
src\lib\components\Navbar.svelte,25,svelte,ce78bfa4,enrique,2024-02-26,22:00:00,-05:00,2024-02-26T22:00:00-05:00,3,2
src\lib\components\Navbar.svelte,26,svelte,ce78bfa4,enrique,2024-02-26,22:00:00,-05:00,2024-02-26T22:00:00-05:00,2,3
src\lib\components\Navbar.svelte,27,svelte,ce78bfa4,enrique,2024-02-26,22:00:00,-05:00,2024-02-26T22:00:00-05:00,1,5
src\lib\components\Navbar.svelte,28,svelte,ce78bfa4,enrique,2024-02-26,22:00:00,-05:00,2024-02-26T22:00:00-05:00,0,4
src\lib\components\Navbar.svelte,29,svelte,d15631e2,enrique,2024-03-07,15:08:09,-05:00,2024-03-07T15:08:09-05:00,0,0
src\lib\components\Navbar.svelte,30,svelte,d15631e2,enrique,2024-03-07,15:08:09,-05:00,2024-03-07T15:08:09-05:00,0,5
src\lib\components\Navbar.svelte,31,css,d15631e2,enrique,2024-03-07,15:08:09,-05:00,2024-03-07T15:08:09-05:00,1,3
src\lib\components\Navbar.svelte,32,css,d15631e2,enrique,2024-03-07,15:08:09,-05:00,2024-03-07T15:08:09-05:00,2,39
src\lib\components\Navbar.svelte,33,css,d15631e2,enrique,2024-03-07,15:08:09,-05:00,2024-03-07T15:08:09-05:00,0,0
src\lib\components\Navbar.svelte,34,css,d15631e2,enrique,2024-03-07,15:08:09,-05:00,2024-03-07T15:08:09-05:00,2,12
src\lib\components\Navbar.svelte,35,css,d15631e2,enrique,2024-03-07,15:08:09,-05:00,2024-03-07T15:08:09-05:00,0,0
src\lib\components\Navbar.svelte,36,css,d15631e2,enrique,2024-03-07,15:08:09,-05:00,2024-03-07T15:08:09-05:00,2,20
src\lib\components\Navbar.svelte,37,css,d15631e2,enrique,2024-03-07,15:08:09,-05:00,2024-03-07T15:08:09-05:00,2,43
src\lib\components\Navbar.svelte,38,css,d15631e2,enrique,2024-03-07,15:08:09,-05:00,2024-03-07T15:08:09-05:00,0,0
src\lib\components\Navbar.svelte,39,css,d15631e2,enrique,2024-03-07,15:08:09,-05:00,2024-03-07T15:08:09-05:00,2,1
src\lib\components\Navbar.svelte,40,css,d15631e2,enrique,2024-03-07,15:08:09,-05:00,2024-03-07T15:08:09-05:00,3,6
src\lib\components\Navbar.svelte,41,css,d15631e2,enrique,2024-03-07,15:08:09,-05:00,2024-03-07T15:08:09-05:00,0,0
src\lib\components\Navbar.svelte,42,css,d15631e2,enrique,2024-03-07,15:08:09,-05:00,2024-03-07T15:08:09-05:00,3,20
src\lib\components\Navbar.svelte,43,css,d15631e2,enrique,2024-03-07,15:08:09,-05:00,2024-03-07T15:08:09-05:00,3,13
src\lib\components\Navbar.svelte,44,css,d15631e2,enrique,2024-03-07,15:08:09,-05:00,2024-03-07T15:08:09-05:00,3,17
src\lib\components\Navbar.svelte,45,css,d15631e2,enrique,2024-03-07,15:08:09,-05:00,2024-03-07T15:08:09-05:00,3,13
src\lib\components\Navbar.svelte,46,css,d15631e2,enrique,2024-03-07,15:08:09,-05:00,2024-03-07T15:08:09-05:00,3,9
src\lib\components\Navbar.svelte,47,css,d15631e2,enrique,2024-03-07,15:08:09,-05:00,2024-03-07T15:08:09-05:00,4,15
src\lib\components\Navbar.svelte,48,css,d15631e2,enrique,2024-03-07,15:08:09,-05:00,2024-03-07T15:08:09-05:00,4,25
src\lib\components\Navbar.svelte,49,css,d15631e2,enrique,2024-03-07,15:08:09,-05:00,2024-03-07T15:08:09-05:00,2,0
src\lib\components\Navbar.svelte,50,css,d15631e2,enrique,2024-03-07,15:08:09,-05:00,2024-03-07T15:08:09-05:00,0,0
src\lib\components\Navbar.svelte,51,css,d15631e2,enrique,2024-03-07,15:08:09,-05:00,2024-03-07T15:08:09-05:00,2,7
src\lib\components\Navbar.svelte,52,css,d15631e2,enrique,2024-03-07,15:08:09,-05:00,2024-03-07T15:08:09-05:00,3,45
src\lib\components\Navbar.svelte,53,css,d15631e2,enrique,2024-03-07,15:08:09,-05:00,2024-03-07T15:08:09-05:00,3,20
src\lib\components\Navbar.svelte,54,css,d15631e2,enrique,2024-03-07,15:08:09,-05:00,2024-03-07T15:08:09-05:00,3,16
src\lib\components\Navbar.svelte,55,css,d15631e2,enrique,2024-03-07,15:08:09,-05:00,2024-03-07T15:08:09-05:00,3,69
src\lib\components\Navbar.svelte,56,css,d15631e2,enrique,2024-03-07,15:08:09,-05:00,2024-03-07T15:08:09-05:00,2,0
src\lib\components\Navbar.svelte,57,css,d15631e2,enrique,2024-03-07,15:08:09,-05:00,2024-03-07T15:08:09-05:00,0,0
src\lib\components\Navbar.svelte,58,css,d15631e2,enrique,2024-03-07,15:08:09,-05:00,2024-03-07T15:08:09-05:00,2,8
src\lib\components\Navbar.svelte,59,css,d15631e2,enrique,2024-03-07,15:08:09,-05:00,2024-03-07T15:08:09-05:00,3,45
src\lib\components\Navbar.svelte,60,css,d15631e2,enrique,2024-03-07,15:08:09,-05:00,2024-03-07T15:08:09-05:00,3,20
src\lib\components\Navbar.svelte,61,css,d15631e2,enrique,2024-03-07,15:08:09,-05:00,2024-03-07T15:08:09-05:00,3,16
src\lib\components\Navbar.svelte,62,css,d15631e2,enrique,2024-03-07,15:08:09,-05:00,2024-03-07T15:08:09-05:00,2,0
src\lib\components\Navbar.svelte,63,css,d15631e2,enrique,2024-03-07,15:08:09,-05:00,2024-03-07T15:08:09-05:00,1,0
src\lib\components\Navbar.svelte,64,svelte,d15631e2,enrique,2024-03-07,15:08:09,-05:00,2024-03-07T15:08:09-05:00,0,6
